mode,profile,concurrency,rep,request,input_tokens,output_tokens,ttft_ms,tpot_ms
tp,decode,1,1,0,968,1024,272.55441434681416,14.820191234474017
tp,decode,1,1,1,968,1024,230.03593273460865,14.817747869187436
tp,decode,1,1,2,968,1024,228.94120682030916,14.816543728273402
tp,decode,1,1,3,968,1024,228.03053818643093,14.815516969260058
tp,decode,1,1,4,968,1024,238.62114176154137,14.822471729376856
tp,decode,1,1,5,968,1024,230.7828702032566,14.814314150223225
tp,decode,1,1,6,968,1024,229.8715403303504,14.816548595184921
tp,decode,1,1,7,968,1024,230.7393178343773,14.81106560058229
tp,decode,1,1,8,968,1024,233.58513787388802,14.821987584568305
tp,decode,1,1,9,968,1024,229.4810600578785,14.815658695981242
tp,decode,1,1,10,968,1024,232.89190232753754,14.81536815429101
tp,decode,1,1,11,968,1024,238.8405166566372,14.81593271420644
tp,decode,1,1,12,968,1024,234.00600533932447,14.874573603986178
tp,decode,1,1,13,968,1024,233.47415681928396,14.817059467039558
tp,decode,1,1,14,968,1024,232.21980594098568,14.8202250816314
tp,decode,1,1,15,968,1024,228.67146413773298,14.81591390112628
tp,decode,1,2,0,968,1024,269.03185062110424,14.830438025980342
tp,decode,1,2,1,968,1024,227.2420609369874,14.81502338468242
tp,decode,1,2,2,968,1024,229.83002196997404,14.814548299102547
tp,decode,1,2,3,968,1024,227.4859854951501,14.818372132979471
tp,decode,1,2,4,968,1024,237.9848239943385,14.824675244961083
tp,decode,1,2,5,968,1024,228.40963769704103,14.815505316348078
tp,decode,1,2,6,968,1024,229.14036363363266,14.818574804430309
tp,decode,1,2,7,968,1024,231.46363254636526,14.807598074517584
tp,decode,1,2,8,968,1024,230.7849144563079,14.818942806121774
tp,decode,1,2,9,968,1024,227.78249811381102,14.816177215969748
tp,decode,1,2,10,968,1024,231.46166745573282,14.816448533086367
tp,decode,1,2,11,968,1024,228.64216845482588,14.821275744590825
tp,decode,1,2,12,968,1024,231.41514975577593,14.826321643927406
tp,decode,1,2,13,968,1024,228.82692888379097,14.81606023894115
tp,decode,1,2,14,968,1024,232.24448319524527,14.822956284768479
tp,decode,1,2,15,968,1024,230.5537350475788,14.819757468481335
tp,decode,1,3,0,968,1024,272.55675941705704,14.829200047012764
tp,decode,1,3,1,968,1024,230.05528934299946,14.814777953417304
tp,decode,1,3,2,968,1024,228.57349831610918,14.815145521766105
tp,decode,1,3,3,968,1024,228.53089682757854,14.813308048727517
tp,decode,1,3,4,968,1024,230.66088929772377,14.824455837015416
tp,decode,1,3,5,968,1024,227.29296889156103,14.810918695598346
tp,decode,1,3,6,968,1024,229.70089688897133,14.817313515997236
tp,decode,1,3,7,968,1024,232.19885677099228,14.809529049429434
tp,decode,1,3,8,968,1024,230.2129790186882,14.8166438495469
tp,decode,1,3,9,968,1024,233.5178293287754,14.806237644383925
tp,decode,1,3,10,968,1024,228.48820686340332,14.814613585452298
tp,decode,1,3,11,968,1024,228.25871128588915,14.819370184862077
tp,decode,1,3,12,968,1024,232.74280782788992,14.819841323928399
tp,decode,1,3,13,968,1024,229.87652104347944,14.811710608378418
tp,decode,1,3,14,968,1024,230.34318629652262,14.819726844082421
tp,decode,1,3,15,968,1024,229.00923434644938,14.817611609320661
tp,decode,16,1,0,968,1024,1011.9861997663975,32.50693246988053
tp,decode,16,1,1,968,1024,287.0057737454772,33.14981608581479
tp,decode,16,1,2,968,1024,1717.6746567711234,32.04583149414258
tp,decode,16,1,3,968,1024,1010.3930672630668,32.506812653365024
tp,decode,16,1,4,968,1024,1010.4809757322073,32.506799695873134
tp,decode,16,1,5,968,1024,1010.4566477239132,32.50684616732195
tp,decode,16,1,6,968,1024,1716.0499338060617,32.04592719823413
tp,decode,16,1,7,968,1024,1716.001451946795,32.04601040639835
tp,decode,16,1,8,968,1024,2425.6477681919932,31.376191976599447
tp,decode,16,1,9,968,1024,1715.0232857093215,32.04547067264774
tp,decode,16,1,10,968,1024,2425.348130054772,31.37623837066565
tp,decode,16,1,11,968,1024,2424.696072936058,31.376279337934328
tp,decode,16,1,12,968,1024,2424.5458180084825,31.37621668714553
tp,decode,16,1,13,968,1024,2853.0905712395906,31.629289863658443
tp,decode,16,1,14,968,1024,2852.466106414795,31.62910463424984
tp,decode,16,1,15,968,1024,2852.6846319437027,31.629504405602972
tp,decode,16,1,16,968,1024,297.87684697657824,32.88793975427266
tp,decode,16,1,17,968,1024,947.0382640138268,32.257379019015694
tp,decode,16,1,18,968,1024,946.8056932091713,32.25731887542374
tp,decode,16,1,19,968,1024,946.7080971226096,32.2574014089936
tp,decode,16,1,20,968,1024,946.755507029593,32.25729045506388
tp,decode,16,1,21,968,1024,1389.049786143005,31.833685807089886
tp,decode,16,1,22,968,1024,1388.876747339964,31.833766584529496
tp,decode,16,1,23,968,1024,1388.6404801160097,31.83280136199524
tp,decode,16,1,24,968,1024,1388.7002626433969,31.833811029464094
tp,decode,16,1,25,968,1024,2040.3048247098923,31.195518763723143
tp,decode,16,1,26,968,1024,2040.1789853349328,31.195744999546925
tp,decode,16,1,27,968,1024,2040.0956375524402,31.195768161530253
tp,decode,16,1,28,968,1024,2040.024963207543,31.19580542717861
tp,decode,16,1,29,968,1024,1884.7377710044384,31.345660407697
tp,decode,16,1,30,968,1024,1884.5579801127315,31.34640097119213
tp,decode,16,1,31,968,1024,1884.668618440628,31.34636257120562
tp,decode,16,1,32,968,1024,303.80178801715374,32.65081475127419
tp,decode,16,1,33,968,1024,952.5516536086798,32.02039291053457
tp,decode,16,1,34,968,1024,952.449600212276,32.02048497218074
tp,decode,16,1,35,968,1024,952.430222183466,32.020505009727046
tp,decode,16,1,36,968,1024,951.9428675994277,32.020457343854744
tp,decode,16,1,37,968,1024,1228.778887540102,31.743690368782215
tp,decode,16,1,38,968,1024,1940.0585433468223,31.076949469395572
tp,decode,16,1,39,968,1024,1228.0541229993105,31.74396572162999
tp,decode,16,1,40,968,1024,1227.9808642342687,31.74438542219376
tp,decode,16,1,41,968,1024,1916.7202869430184,31.076888171437023
tp,decode,16,1,42,968,1024,1916.2874352186918,31.076917855409526
tp,decode,16,1,43,968,1024,1916.182997636497,31.076926268265744
tp,decode,16,1,44,968,1024,2567.65915453434,31.108718018574624
tp,decode,16,1,45,968,1024,1882.2689754888415,31.108142743442475
tp,decode,16,1,46,968,1024,1882.0662330836058,31.10865772932127
tp,decode,16,1,47,968,1024,1881.5305167809129,31.10889179990759
tp,decode,16,1,48,968,1024,299.96844567358494,33.79707200268788
tp,decode,16,1,49,968,1024,948.9937545731664,33.16889278488716
tp,decode,16,1,50,968,1024,948.7420357763767,33.16876795397796
tp,decode,16,1,51,968,1024,948.6648989841342,33.16885479457334
tp,decode,16,1,52,968,1024,948.719572275877,33.16907718038425
tp,decode,16,1,53,968,1024,1238.2799126207829,32.687813996766145
tp,decode,16,1,54,968,1024,1238.1862560287118,32.68809732093402
tp,decode,16,1,55,968,1024,1237.9464004188776,32.68814686765914
tp,decode,16,1,56,968,1024,1887.8253288567066,32.049720210158874
tp,decode,16,1,57,968,1024,1887.6073155552149,32.049713277586626
tp,decode,16,1,58,968,1024,1887.6970345154405,32.04960349896233
tp,decode,16,1,59,968,1024,1887.6683600246906,32.04963141132805
tp,decode,16,1,60,968,1024,1888.0968540906906,31.400638777227346
tp,decode,16,1,61,968,1024,1887.65384349972,31.400149059049486
tp,decode,16,1,62,968,1024,1887.3893106356263,31.40062963879528
tp,decode,16,1,63,968,1024,1887.3740816488862,31.40044401883205
tp,decode,16,2,0,968,1024,490.58703798800707,32.73198855467294
tp,decode,16,2,1,968,1024,276.6055716201663,32.909887503260855
tp,decode,16,2,2,968,1024,1199.6310707181692,32.07294294794517
tp,decode,16,2,3,968,1024,1903.5005457699299,31.611891186642275
tp,decode,16,2,4,968,1024,1199.5237162336707,32.074023414137365
tp,decode,16,2,5,968,1024,1199.03829600662,32.074111959881506
tp,decode,16,2,6,968,1024,1198.5621927306056,32.07314912528382
tp,decode,16,2,7,968,1024,1902.6130428537726,31.61263403337984
tp,decode,16,2,8,968,1024,1902.7212280780077,31.61264500168324
tp,decode,16,2,9,968,1024,1902.6338830590248,31.612596415412973
tp,decode,16,2,10,968,1024,2611.2479288131,31.14170029773973
tp,decode,16,2,11,968,1024,2888.4576177224517,31.535708319071684
tp,decode,16,2,12,968,1024,2610.429646447301,31.14169223811241
tp,decode,16,2,13,968,1024,2610.1064439862967,31.14176180235539
tp,decode,16,2,14,968,1024,2888.436648994684,31.536010445395114
tp,decode,16,2,15,968,1024,2609.816825017333,31.140999193007413
tp,decode,16,2,16,968,1024,289.6254928782582,32.6459087970378
tp,decode,16,2,17,968,1024,496.2958777323365,32.45664558183121
tp,decode,16,2,18,968,1024,1141.6415758430958,31.821967514080676
tp,decode,16,2,19,968,1024,1141.5831036865711,31.82209300228694
tp,decode,16,2,20,968,1024,1141.4060378447175,31.821797475335302
tp,decode,16,2,21,968,1024,1140.705520287156,31.82207691125419
tp,decode,16,2,22,968,1024,1585.1294994354248,31.39442024444788
tp,decode,16,2,23,968,1024,1584.9706484004855,31.394935709188527
tp,decode,16,2,24,968,1024,1584.59304086864,31.395012246060638
tp,decode,16,2,25,968,1024,1584.7132885828614,31.394957979906163
tp,decode,16,2,26,968,1024,2038.2817555218935,30.95102834015473
tp,decode,16,2,27,968,1024,2038.2327642291784,30.952097150703796
tp,decode,16,2,28,968,1024,2037.864064797759,30.951604779667694
tp,decode,16,2,29,968,1024,2037.4217545613647,30.951702815252023
tp,decode,16,2,30,968,1024,1739.4828796386719,31.240479162150407
tp,decode,16,2,31,968,1024,1739.1066374257207,31.240137380421277
tp,decode,16,2,32,968,1024,297.2234580665827,32.520454251303
tp,decode,16,2,33,968,1024,498.23601730167866,32.329347597313124
tp,decode,16,2,34,968,1024,1144.194790162146,31.703010994398408
tp,decode,16,2,35,968,1024,1144.062828272581,31.703191768388944
tp,decode,16,2,36,968,1024,1144.2172918468714,31.703184207651912
tp,decode,16,2,37,968,1024,1144.1264292225242,31.703251363929883
tp,decode,16,2,38,968,1024,1583.6914405226707,31.267776775773786
tp,decode,16,2,39,968,1024,1582.8993264585733,31.26715426538085
tp,decode,16,2,40,968,1024,1583.1872439011931,31.267826440848797
tp,decode,16,2,41,968,1024,1583.190760575235,31.267805686830485
tp,decode,16,2,42,968,1024,2040.6779227778316,30.819534035517908
tp,decode,16,2,43,968,1024,2040.688982233405,30.819670757859626
tp,decode,16,2,44,968,1024,2040.3061779215932,30.819604482833125
tp,decode,16,2,45,968,1024,2039.6713111549616,30.819874378840712
tp,decode,16,2,46,968,1024,1744.6484509855509,31.115354206285577
tp,decode,16,2,47,968,1024,1743.998977355659,31.11518466734088
tp,decode,16,2,48,968,1024,294.64774020016193,32.97666234682557
tp,decode,16,2,49,968,1024,496.21110688894987,32.789204434427056
tp,decode,16,2,50,968,1024,1142.8479738533497,32.15149449474039
tp,decode,16,2,51,968,1024,1142.644858919084,32.15161259882407
tp,decode,16,2,52,968,1024,1142.6588259637356,32.151657002791396
tp,decode,16,2,53,968,1024,1142.562792636454,32.15170560909011
tp,decode,16,2,54,968,1024,1585.01707483083,31.523360308161404
tp,decode,16,2,55,968,1024,1584.5058467239141,31.523484384362472
tp,decode,16,2,56,968,1024,1584.2554001137614,31.523404634746115
tp,decode,16,2,57,968,1024,1583.3897171542048,31.523532080277437
tp,decode,16,2,58,968,1024,2046.4936355128884,30.875706870403807
tp,decode,16,2,59,968,1024,2046.4639188721776,30.8792559595693
tp,decode,16,2,60,968,1024,2046.5634977445006,30.879224423876256
tp,decode,16,2,61,968,1024,2046.7414855957031,30.879011752770328
tp,decode,16,2,62,968,1024,1742.2653390094638,30.519436839112206
tp,decode,16,2,63,968,1024,1742.1902669593692,30.519192503038738
tp,decode,16,3,0,968,1024,281.3351647928357,33.183933508820026
tp,decode,16,3,1,968,1024,1013.7630617246032,32.53295237174802
tp,decode,16,3,2,968,1024,1013.2850632071495,32.53339750661295
tp,decode,16,3,3,968,1024,1012.5147923827171,32.53301355317745
tp,decode,16,3,4,968,1024,1012.6208737492561,32.53295624087895
tp,decode,16,3,5,968,1024,1720.2316476032138,32.07141511462709
tp,decode,16,3,6,968,1024,1720.1492609456182,32.07138809261667
tp,decode,16,3,7,968,1024,1719.4806532934308,32.07149661673216
tp,decode,16,3,8,968,1024,1719.4482712075114,32.07078142745287
tp,decode,16,3,9,968,1024,2428.33620775491,31.40414269679278
tp,decode,16,3,10,968,1024,2427.5109730660915,31.404226629622464
tp,decode,16,3,11,968,1024,2427.129739895463,31.404041665135534
tp,decode,16,3,12,968,1024,2427.3350993171334,31.403835868337286
tp,decode,16,3,13,968,1024,2856.50753416121,31.65205079654299
tp,decode,16,3,14,968,1024,2856.599478982389,31.652781969429753
tp,decode,16,3,15,968,1024,2856.1608865857124,31.65247133010789
tp,decode,16,3,16,968,1024,301.5633411705494,32.6214484626451
tp,decode,16,3,17,968,1024,945.3700892627239,31.98886422107209
tp,decode,16,3,18,968,1024,945.6780832260847,31.989524368549954
tp,decode,16,3,19,968,1024,945.1978020370007,31.988925598234026
tp,decode,16,3,20,968,1024,944.9571054428816,31.988733845925868
tp,decode,16,3,21,968,1024,1385.7871061190963,31.562385615416577
tp,decode,16,3,22,968,1024,1385.230790823698,31.563284682184605
tp,decode,16,3,23,968,1024,1385.475354269147,31.563037125173434
tp,decode,16,3,24,968,1024,1385.4518802836537,31.563028466513604
tp,decode,16,3,25,968,1024,2038.3748644962907,30.922606432644734
tp,decode,16,3,26,968,1024,2038.7390237301588,30.922564143498857
tp,decode,16,3,27,968,1024,2038.4772568941116,30.922219471301325
tp,decode,16,3,28,968,1024,2038.482828065753,30.922466920887214
tp,decode,16,3,29,968,1024,1885.6684463098645,31.07058012335473
tp,decode,16,3,30,968,1024,1885.7250232249498,31.07104001918176
tp,decode,16,3,31,968,1024,1885.5713019147515,31.071082934671658
tp,decode,16,3,32,968,1024,301.8403062596917,32.66300558169916
tp,decode,16,3,33,968,1024,946.5411696583033,32.03804051559983
tp,decode,16,3,34,968,1024,946.3203316554427,32.038164279539274
tp,decode,16,3,35,968,1024,946.211414411664,32.03821280754498
tp,decode,16,3,36,968,1024,945.9492573514581,32.03990154481791
tp,decode,16,3,37,968,1024,1080.679440870881,31.902087382600804
tp,decode,16,3,38,968,1024,1792.8481036797166,31.23877875193706
tp,decode,16,3,39,968,1024,1080.1976276561618,31.9026435305704
tp,decode,16,3,40,968,1024,1792.6747426390648,31.238762553479024
tp,decode,16,3,41,968,1024,1769.0222403034568,31.238701372049597
tp,decode,16,3,42,968,1024,2485.0164791569114,31.209117356953616
tp,decode,16,3,43,968,1024,1768.3445950970054,31.23899169797888
tp,decode,16,3,44,968,1024,2484.598786570132,31.209332114659098
tp,decode,16,3,45,968,1024,1801.6364946961403,31.20869245536749
tp,decode,16,3,46,968,1024,1801.5347123146057,31.20907025005694
tp,decode,16,3,47,968,1024,1947.9213003069162,31.435340268761358
tp,decode,16,3,48,968,1024,296.47296387702227,33.68209870960035
tp,decode,16,3,49,968,1024,953.157551586628,33.044967503593696
tp,decode,16,3,50,968,1024,952.9476137831807,33.045097144060236
tp,decode,16,3,51,968,1024,952.8626017272472,33.04515421146551
tp,decode,16,3,52,968,1024,951.6765531152487,33.0452617669327
tp,decode,16,3,53,968,1024,1096.8589447438717,32.7067826214526
tp,decode,16,3,54,968,1024,1096.4864380657673,32.707227962974635
tp,decode,16,3,55,968,1024,1745.511006563902,32.07185788977735
tp,decode,16,3,56,968,1024,1745.9049234166741,32.07194018664743
tp,decode,16,3,57,968,1024,1745.6860691308975,32.07178434715738
tp,decode,16,3,58,968,1024,1745.723177678883,32.07189757340494
tp,decode,16,3,59,968,1024,1749.7253119945526,31.42233040704522
tp,decode,16,3,60,968,1024,1748.8650986924767,31.42243444661037
tp,decode,16,3,61,968,1024,1749.1990933194757,31.422396163152985
tp,decode,16,3,62,968,1024,1749.099805019796,31.422494855123997
tp,decode,16,3,63,968,1024,1594.2153353244066,31.21755623194013
tp,decode,4,1,0,968,1024,274.8872498050332,19.68691620032575
tp,decode,4,1,1,968,1024,809.0949850156903,19.203880722593528
tp,decode,4,1,2,968,1024,808.777873404324,19.20386271156145
tp,decode,4,1,3,968,1024,808.4765318781137,19.203484643756877
tp,decode,4,1,4,968,1024,254.93968278169632,19.59569117041598
tp,decode,4,1,5,968,1024,752.3403344675899,19.110428408800622
tp,decode,4,1,6,968,1024,751.8224911764264,19.10998228252779
tp,decode,4,1,7,968,1024,751.8479889258742,19.11045424276025
tp,decode,4,1,8,968,1024,257.1631111204624,19.75623162450562
tp,decode,4,1,9,968,1024,757.1930401027203,19.267909409968095
tp,decode,4,1,10,968,1024,756.7383479326963,19.268286783149865
tp,decode,4,1,11,968,1024,756.6366652026772,19.2683265259524
tp,decode,4,1,12,968,1024,245.96969410777092,19.75423661684244
tp,decode,4,1,13,968,1024,759.7380494698882,19.26888552342313
tp,decode,4,1,14,968,1024,759.4764633104205,19.26899000270363
tp,decode,4,1,15,968,1024,759.2797093093395,19.26889338822833
tp,decode,4,2,0,968,1024,820.7791037857533,19.209652950664942
tp,decode,4,2,1,968,1024,287.6677084714174,19.691636947913135
tp,decode,4,2,2,968,1024,820.1013477519155,19.210109083875942
tp,decode,4,2,3,968,1024,819.4176303222775,19.21004338876389
tp,decode,4,2,4,968,1024,251.7900848761201,19.62989047970823
tp,decode,4,2,5,968,1024,760.3226760402322,19.141151753681203
tp,decode,4,2,6,968,1024,759.9485665559769,19.14157803722986
tp,decode,4,2,7,968,1024,759.8185399547219,19.141633566996976
tp,decode,4,2,8,968,1024,253.75707540661097,19.847164078927868
tp,decode,4,2,9,968,1024,756.0182195156813,19.361882144630773
tp,decode,4,2,10,968,1024,755.4997960105538,19.36186885484881
tp,decode,4,2,11,968,1024,755.4768631234765,19.361925276792004
tp,decode,4,2,12,968,1024,248.0420134961605,19.82901332024139
tp,decode,4,2,13,968,1024,748.9397712051868,19.345063209089425
tp,decode,4,2,14,968,1024,748.775047250092,19.345063150824863
tp,decode,4,2,15,968,1024,748.6792169511318,19.345075949909983
tp,decode,4,3,0,968,1024,273.36960285902023,19.70238553019621
tp,decode,4,3,1,968,1024,816.7364420369267,19.210588588458528
tp,decode,4,3,2,968,1024,816.1943340674043,19.21094786321138
tp,decode,4,3,3,968,1024,815.6310152262449,19.21098040760962
tp,decode,4,3,4,968,1024,252.94786039739847,19.519635992359557
tp,decode,4,3,5,968,1024,753.3662095665932,19.034846342612106
tp,decode,4,3,6,968,1024,752.8823716565967,19.034142170796937
tp,decode,4,3,7,968,1024,752.8797360137105,19.034898622309242
tp,decode,4,3,8,968,1024,258.7033286690712,19.757727178347135
tp,decode,4,3,9,968,1024,758.7454132735729,19.269064541283417
tp,decode,4,3,10,968,1024,758.2613956183195,19.26944681141937
tp,decode,4,3,11,968,1024,758.1738401204348,19.269466269051225
tp,decode,4,3,12,968,1024,255.8268317952752,19.92433195349233
tp,decode,4,3,13,968,1024,757.4104815721512,19.440127001348827
tp,decode,4,3,14,968,1024,757.1050422266126,19.440197790057955
tp,decode,4,3,15,968,1024,757.033184170723,19.440189425452072
tp,intermediate,1,1,0,8136,512,1710.5176383629441,15.41557107594615
tp,intermediate,1,1,1,8136,512,1683.024669997394,15.398863819655606
tp,intermediate,1,1,2,8136,512,1692.9059270769358,15.40886367253828
tp,intermediate,1,1,3,8136,512,1676.9917458295822,15.416882445565525
tp,intermediate,1,1,4,8136,512,1708.3004415035248,15.415106240273571
tp,intermediate,1,1,5,8136,512,1682.2901666164398,15.415713300385354
tp,intermediate,1,1,6,8136,512,1696.3971499353647,15.412959565432221
tp,intermediate,1,1,7,8136,512,1675.4757184535265,15.42048040894088
tp,intermediate,1,1,8,8136,512,1674.9631771817803,15.422859265598415
tp,intermediate,1,1,9,8136,512,1701.2660084292293,15.410337094108186
tp,intermediate,1,1,10,8136,512,1690.0021573528647,15.423406857756602
tp,intermediate,1,1,11,8136,512,1683.7494755163789,15.410022389092674
tp,intermediate,1,1,12,8136,512,1697.2031705081463,15.41425368462465
tp,intermediate,1,1,13,8136,512,1680.387357249856,15.416457040742069
tp,intermediate,1,1,14,8136,512,1680.9138664975762,15.409096131381924
tp,intermediate,1,1,15,8136,512,1699.3265682831407,15.42526441617138
tp,intermediate,1,2,0,8136,512,1719.856715761125,15.418984929059583
tp,intermediate,1,2,1,8136,512,1689.690226688981,15.415010778798399
tp,intermediate,1,2,2,8136,512,1690.7435040920973,15.417811940123423
tp,intermediate,1,2,3,8136,512,1695.1849004253745,15.415975266298435
tp,intermediate,1,2,4,8136,512,1701.102588325739,15.422476759934963
tp,intermediate,1,2,5,8136,512,1696.0637280717492,15.407291944494103
tp,intermediate,1,2,6,8136,512,1696.1518349125981,15.411222395496242
tp,intermediate,1,2,7,8136,512,1697.0026483759284,15.42021210966978
tp,intermediate,1,2,8,8136,512,1701.8305081874132,15.416997499443196
tp,intermediate,1,2,9,8136,512,1696.5798856690526,15.413949995095717
tp,intermediate,1,2,10,8136,512,1700.26602037251,15.41550450916393
tp,intermediate,1,2,11,8136,512,1702.2982547059655,15.412665090711382
tp,intermediate,1,2,12,8136,512,1706.7573042586446,15.404224871437261
tp,intermediate,1,2,13,8136,512,1702.8220295906067,15.405853637977122
tp,intermediate,1,2,14,8136,512,1702.019746415317,15.407003569845001
tp,intermediate,1,2,15,8136,512,1696.4139519259334,15.424764188418417
tp,intermediate,1,3,0,8136,512,1700.8083136752248,15.41651716481333
tp,intermediate,1,3,1,8136,512,1691.0756370052695,15.409912451110241
tp,intermediate,1,3,2,8136,512,1692.1522160992026,15.496150424627409
tp,intermediate,1,3,3,8136,512,1696.37200422585,15.418127259337972
tp,intermediate,1,3,4,8136,512,1708.1926856189966,15.417553433408475
tp,intermediate,1,3,5,8136,512,1698.0275604873896,15.406782334258528
tp,intermediate,1,3,6,8136,512,1695.4173678532243,15.404966273463518
tp,intermediate,1,3,7,8136,512,1695.3003769740462,15.421772714696985
tp,intermediate,1,3,8,8136,512,1691.2600556388497,15.42075656339847
tp,intermediate,1,3,9,8136,512,1699.9314241111279,15.409837671921911
tp,intermediate,1,3,10,8136,512,1698.3604999259114,15.411380924459422
tp,intermediate,1,3,11,8136,512,1698.3004454523325,15.414707615986146
tp,intermediate,1,3,12,8136,512,1698.7732015550137,15.406748474941912
tp,intermediate,1,3,13,8136,512,1697.3705366253853,15.408609084303832
tp,intermediate,1,3,14,8136,512,1701.3353714719415,15.405662268502255
tp,intermediate,1,3,15,8136,512,1699.7935231775045,15.427494095365011
tp,intermediate,16,1,0,8136,512,1723.5737573355436,86.71779422829412
tp,intermediate,16,1,1,8136,512,3392.0186767354608,85.18790115771812
tp,intermediate,16,1,2,8136,512,6763.763698749244,85.73713342052267
tp,intermediate,16,1,3,8136,512,10182.107537984848,86.16951359490592
tp,intermediate,16,1,4,8136,512,5075.325716286898,85.46060641203258
tp,intermediate,16,1,5,8136,512,8461.036831140518,85.98253072408956
tp,intermediate,16,1,6,8136,512,11898.490631952882,86.36663791608729
tp,intermediate,16,1,7,8136,512,17131.105829961598,86.81333598493072
tp,intermediate,16,1,8,8136,512,15373.818370513618,86.69223666460839
tp,intermediate,16,1,9,8136,512,13631.317327730358,86.53903431249982
tp,intermediate,16,1,10,8136,512,18899.832545779645,86.90562598232304
tp,intermediate,16,1,11,8136,512,20686.43417209387,86.96615708711212
tp,intermediate,16,1,12,8136,512,22483.964872546494,87.00319317236922
tp,intermediate,16,1,13,8136,512,24288.391206413507,87.02461418573637
tp,intermediate,16,1,14,8136,512,27842.586607672274,121.40702799604131
tp,intermediate,16,1,15,8136,512,26100.756898522377,87.0322956304465
tp,intermediate,16,1,16,8136,512,4537.0581625029445,87.51268218291483
tp,intermediate,16,1,17,8136,512,5476.7053397372365,85.67354795131139
tp,intermediate,16,1,18,8136,512,4626.822419464588,85.694796957965
tp,intermediate,16,1,19,8136,512,4619.747435674071,85.69687008748375
tp,intermediate,16,1,20,8136,512,4615.113561972976,85.69583618820238
tp,intermediate,16,1,21,8136,512,4621.315809898078,85.69263330061142
tp,intermediate,16,1,22,8136,512,4619.554037228227,85.69649219104689
tp,intermediate,16,1,23,8136,512,4617.61665251106,85.69123999465351
tp,intermediate,16,1,24,8136,512,4614.274370484054,85.6900090286089
tp,intermediate,16,1,25,8136,512,4612.609019502997,85.6848640600675
tp,intermediate,16,1,26,8136,512,4612.3763686046,85.68780445138361
tp,intermediate,16,1,27,8136,512,4611.573165282607,85.67657596714167
tp,intermediate,16,1,28,8136,512,4610.33043731004,85.6841519281793
tp,intermediate,16,1,29,8136,512,4618.325336836278,85.64852548620998
tp,intermediate,16,1,30,8136,512,4622.640172950923,114.97107347739595
tp,intermediate,16,1,31,8136,512,7276.18891466409,88.81635258043524
tp,intermediate,16,1,32,8136,512,3692.459788173437,86.98709368151695
tp,intermediate,16,1,33,8136,512,4626.6261069104075,86.99474124503988
tp,intermediate,16,1,34,8136,512,5460.96443478018,87.0085345588464
tp,intermediate,16,1,35,8136,512,5458.006142638624,87.01804500991759
tp,intermediate,16,1,36,8136,512,5455.9843661263585,87.02717579667932
tp,intermediate,16,1,37,8136,512,5453.328136354685,87.03025480925513
tp,intermediate,16,1,38,8136,512,5447.416800074279,87.05050699456564
tp,intermediate,16,1,39,8136,512,5450.877847149968,87.05708007063943
tp,intermediate,16,1,40,8136,512,5445.3833205625415,87.06970435590894
tp,intermediate,16,1,41,8136,512,5450.553150847554,87.07116011333325
tp,intermediate,16,1,42,8136,512,5436.589476652443,87.10100390053483
tp,intermediate,16,1,43,8136,512,5441.056711599231,87.09995539352269
tp,intermediate,16,1,44,8136,512,5443.208014592528,87.1012647474028
tp,intermediate,16,1,45,8136,512,5411.669544875622,109.0693639430952
tp,intermediate,16,1,46,8136,512,10465.202866122127,89.15931732009243
tp,intermediate,16,1,47,8136,512,3693.8343476504087,87.32198466730911
tp,intermediate,16,1,48,8136,512,4632.657068781555,87.32094200156673
tp,intermediate,16,1,49,8136,512,4630.791279487312,87.32731497633306
tp,intermediate,16,1,50,8136,512,4625.086183659732,85.7508488841457
tp,intermediate,16,1,51,8136,512,4619.551854208112,82.33663173476252
tp,intermediate,16,1,52,8136,512,4626.332159154117,78.89975999425477
tp,intermediate,16,1,53,8136,512,4626.698734238744,75.48098521646105
tp,intermediate,16,1,54,8136,512,4621.959020383656,72.06351561161986
tp,intermediate,16,1,55,8136,512,4617.8544433787465,68.63686141654587
tp,intermediate,16,1,56,8136,512,4616.525932215154,65.18757220452429
tp,intermediate,16,1,57,8136,512,4618.370382115245,61.73329501287053
tp,intermediate,16,1,58,8136,512,4616.351901553571,58.285692992844346
tp,intermediate,16,1,59,8136,512,4624.961377121508,54.82336812800274
tp,intermediate,16,1,60,8136,512,4623.723818920553,57.73167066101109
tp,intermediate,16,1,61,8136,512,13554.883376695216,28.85714499553239
tp,intermediate,16,1,62,8136,512,3694.091043435037,25.356204259900082
tp,intermediate,16,1,63,8136,512,4632.302125915885,21.84716798365116
tp,intermediate,16,2,0,8136,512,1741.1127844825387,86.68883225412168
tp,intermediate,16,2,1,8136,512,3407.9100750386715,85.15877041185672
tp,intermediate,16,2,2,8136,512,8476.476280018687,85.95394313247937
tp,intermediate,16,2,3,8136,512,5081.841062754393,85.45220465765657
tp,intermediate,16,2,4,8136,512,6776.48532949388,85.70736152376914
tp,intermediate,16,2,5,8136,512,10189.266166649759,86.14815337995319
tp,intermediate,16,2,6,8136,512,13646.618651226163,86.5007388986895
tp,intermediate,16,2,7,8136,512,11909.070339985192,86.34090351957806
tp,intermediate,16,2,8,8136,512,15392.562951892614,86.64499393093843
tp,intermediate,16,2,9,8136,512,18927.69104614854,86.83328912092223
tp,intermediate,16,2,10,8136,512,17152.86189969629,86.75223329412493
tp,intermediate,16,2,11,8136,512,22506.33410271257,86.92489588476441
tp,intermediate,16,2,12,8136,512,20712.931235320866,86.8862984253644
tp,intermediate,16,2,13,8136,512,26125.695628114045,86.94443381491706
tp,intermediate,16,2,14,8136,512,27865.65412208438,121.09738289617337
tp,intermediate,16,2,15,8136,512,24309.53501071781,86.94440389777408
tp,intermediate,16,2,16,8136,512,4527.604847215116,87.16272004130943
tp,intermediate,16,2,17,8136,512,5474.401379004121,85.33000046252447
tp,intermediate,16,2,18,8136,512,4623.874796554446,85.35316655022291
tp,intermediate,16,2,19,8136,512,4619.341875426471,85.3576656146642
tp,intermediate,16,2,20,8136,512,4611.296040005982,85.36223542317019
tp,intermediate,16,2,21,8136,512,4617.735156789422,85.35482753031758
tp,intermediate,16,2,22,8136,512,4616.3896741345525,85.35874655029195
tp,intermediate,16,2,23,8136,512,4611.930964514613,85.36546844296493
tp,intermediate,16,2,24,8136,512,4607.735483907163,85.3628155824577
tp,intermediate,16,2,25,8136,512,4604.608500376344,85.36435482356471
tp,intermediate,16,2,26,8136,512,4606.254935264587,85.36837838859883
tp,intermediate,16,2,27,8136,512,4605.50956055522,85.36917916198358
tp,intermediate,16,2,28,8136,512,4606.586704030633,85.37893601075369
tp,intermediate,16,2,29,8136,512,4617.228716611862,85.34586657414582
tp,intermediate,16,2,30,8136,512,4623.700203374028,114.62814308732106
tp,intermediate,16,2,31,8136,512,7236.573960632086,88.84141749452705
tp,intermediate,16,2,32,8136,512,3697.118015959859,87.00848683539903
tp,intermediate,16,2,33,8136,512,4627.6361821219325,87.01495288045614
tp,intermediate,16,2,34,8136,512,5460.246502421796,87.03043915280332
tp,intermediate,16,2,35,8136,512,5455.664188601077,87.03761972457812
tp,intermediate,16,2,36,8136,512,5452.821735292673,87.0472066807916
tp,intermediate,16,2,37,8136,512,5450.6272012367845,87.06348188724478
tp,intermediate,16,2,38,8136,512,5445.892407558858,87.08136403521272
tp,intermediate,16,2,39,8136,512,5447.525204159319,87.0850327554106
tp,intermediate,16,2,40,8136,512,5448.12917150557,87.09177774707048
tp,intermediate,16,2,41,8136,512,5452.750227414072,87.09066912692236
tp,intermediate,16,2,42,8136,512,5442.213256843388,87.10807212673988
tp,intermediate,16,2,43,8136,512,5443.263909779489,87.10251392618027
tp,intermediate,16,2,44,8136,512,5442.561488598585,87.10359796014143
tp,intermediate,16,2,45,8136,512,5409.584918990731,109.10301148680033
tp,intermediate,16,2,46,8136,512,10496.709066443145,89.1199608656
tp,intermediate,16,2,47,8136,512,3691.9431667774916,87.29721297037928
tp,intermediate,16,2,48,8136,512,4630.014413967729,87.36310554613631
tp,intermediate,16,2,49,8136,512,4628.9869751781225,87.37318984500757
tp,intermediate,16,2,50,8136,512,4625.855103135109,85.78820830236559
tp,intermediate,16,2,51,8136,512,4624.685272574425,82.3710449149289
tp,intermediate,16,2,52,8136,512,4627.85654142499,78.94359204604667
tp,intermediate,16,2,53,8136,512,4623.328248970211,75.52600031219234
tp,intermediate,16,2,54,8136,512,4618.359562009573,72.10438103285671
tp,intermediate,16,2,55,8136,512,4617.418145760894,68.67619553934455
tp,intermediate,16,2,56,8136,512,4611.566612496972,65.23662933317941
tp,intermediate,16,2,57,8136,512,4609.623155556619,61.79286108521741
tp,intermediate,16,2,58,8136,512,4611.614243127406,58.34138466850827
tp,intermediate,16,2,59,8136,512,4624.397177249193,54.87288842469804
tp,intermediate,16,2,60,8136,512,4621.509248390794,57.77743524177375
tp,intermediate,16,2,61,8136,512,13554.339754395187,29.012922656862703
tp,intermediate,16,2,62,8136,512,3731.5619494765997,25.482905421719508
tp,intermediate,16,2,63,8136,512,4665.2392176911235,21.97069574854612
tp,intermediate,16,3,0,8136,512,1749.0663947537541,86.75763988958529
tp,intermediate,16,3,1,8136,512,3416.4806362241507,85.23194047343533
tp,intermediate,16,3,2,8136,512,6778.489981777966,85.81088665223984
tp,intermediate,16,3,3,8136,512,5090.273981913924,85.53222160596845
tp,intermediate,16,3,4,8136,512,8485.153695568442,86.04100313030344
tp,intermediate,16,3,5,8136,512,10198.170190677047,86.23829235025698
tp,intermediate,16,3,6,8136,512,15401.602274738252,86.75881343075382
tp,intermediate,16,3,7,8136,512,13653.063259087503,86.61448584829408
tp,intermediate,16,3,8,8136,512,17157.448902726173,86.88338521554512
tp,intermediate,16,3,9,8136,512,11918.157771229744,86.43575818797322
tp,intermediate,16,3,10,8136,512,18930.192532017827,86.97401105613974
tp,intermediate,16,3,11,8136,512,22509.94904153049,87.07864992612146
tp,intermediate,16,3,12,8136,512,20716.162716969848,87.03121532542073
tp,intermediate,16,3,13,8136,512,26130.408259108663,87.10207031044649
tp,intermediate,16,3,14,8136,512,27872.178140096366,121.48117574948796
tp,intermediate,16,3,15,8136,512,24314.655305817723,87.09639494549738
tp,intermediate,16,3,16,8136,512,4546.183357015252,87.52139890110831
tp,intermediate,16,3,17,8136,512,5484.611582010984,85.67952866248655
tp,intermediate,16,3,18,8136,512,4630.114104598761,85.69885326873825
tp,intermediate,16,3,19,8136,512,4621.128213591874,85.69695306449779
tp,intermediate,16,3,20,8136,512,4618.095220066607,85.69419147800326
tp,intermediate,16,3,21,8136,512,4628.639495931566,85.6836815537801
tp,intermediate,16,3,22,8136,512,4626.797321252525,85.67670230077555
tp,intermediate,16,3,23,8136,512,4621.316027827561,85.67028951424733
tp,intermediate,16,3,24,8136,512,4616.613745689392,85.66637622072214
tp,intermediate,16,3,25,8136,512,4614.095441997051,85.65476213795098
tp,intermediate,16,3,26,8136,512,4615.935150533915,85.65101518847938
tp,intermediate,16,3,27,8136,512,4614.01579156518,85.64377311660877
tp,intermediate,16,3,28,8136,512,4611.641858704388,85.65173248000399
tp,intermediate,16,3,29,8136,512,4618.43275744468,85.61974305863659
tp,intermediate,16,3,30,8136,512,4620.488617569208,114.91875777680814
tp,intermediate,16,3,31,8136,512,7258.741677738726,88.7885618546646
tp,intermediate,16,3,32,8136,512,3689.012235030532,86.9595644168133
tp,intermediate,16,3,33,8136,512,4624.915632419288,86.96257162460084
tp,intermediate,16,3,34,8136,512,5460.356352850795,86.97470371955878
tp,intermediate,16,3,35,8136,512,5458.9764457196,86.98267282265623
tp,intermediate,16,3,36,8136,512,5451.9816394895315,86.9975529662142
tp,intermediate,16,3,37,8136,512,5448.4726544469595,87.01094560536562
tp,intermediate,16,3,38,8136,512,5442.978954873979,87.03472802995061
tp,intermediate,16,3,39,8136,512,5447.881323285401,87.04019393480279
tp,intermediate,16,3,40,8136,512,5441.596723161638,87.05878334116271
tp,intermediate,16,3,41,8136,512,5449.007719755173,87.05213735036828
tp,intermediate,16,3,42,8136,512,5435.533693060279,87.07285370612098
tp,intermediate,16,3,43,8136,512,5439.394416287541,87.07383613843915
tp,intermediate,16,3,44,8136,512,5438.0425829440355,87.08005680095718
tp,intermediate,16,3,45,8136,512,5402.298147790134,109.07907729673175
tp,intermediate,16,3,46,8136,512,10461.90760936588,89.15646379146499
tp,intermediate,16,3,47,8136,512,3692.4934778362513,87.31671633588883
tp,intermediate,16,3,48,8136,512,4631.798027083278,87.32485476655269
tp,intermediate,16,3,49,8136,512,4629.350924864411,87.33016628874083
tp,intermediate,16,3,50,8136,512,4626.551426015794,85.74567781670162
tp,intermediate,16,3,51,8136,512,4623.016010038555,82.3365751519041
tp,intermediate,16,3,52,8136,512,4628.240369260311,78.90692347780949
tp,intermediate,16,3,53,8136,512,4627.823198214173,75.48520338052698
tp,intermediate,16,3,54,8136,512,4619.775164872408,72.07282626939438
tp,intermediate,16,3,55,8136,512,4614.157320000231,68.64930014444948
tp,intermediate,16,3,56,8136,512,4608.5424507036805,65.20564514057394
tp,intermediate,16,3,57,8136,512,4613.748685456812,61.7521984717734
tp,intermediate,16,3,58,8136,512,4614.399618469179,58.303652664759504
tp,intermediate,16,3,59,8136,512,4626.955863088369,54.82978362283886
tp,intermediate,16,3,60,8136,512,4626.034175977111,57.718788175214875
tp,intermediate,16,3,61,8136,512,13550.948389805853,28.877031386131875
tp,intermediate,16,3,62,8136,512,3695.1792519539595,25.382344386815557
tp,intermediate,16,3,63,8136,512,4633.036716841161,21.87429807730267
tp,intermediate,4,1,0,8136,512,5055.033726617694,24.295144530337616
tp,intermediate,4,1,1,8136,512,1708.9821500703692,30.69094296019896
tp,intermediate,4,1,2,8136,512,3376.5788953751326,27.509902935628205
tp,intermediate,4,1,3,8136,512,6721.085975877941,24.33504181168609
tp,intermediate,4,1,4,8136,512,1758.8508184999228,30.642669897621275
tp,intermediate,4,1,5,8136,512,3394.2873422056437,27.45895059469453
tp,intermediate,4,1,6,8136,512,5043.545764870942,24.233565926406015
tp,intermediate,4,1,7,8136,512,5015.598151832819,24.27530230556974
tp,intermediate,4,1,8,8136,512,1761.7520727217197,30.790158164725728
tp,intermediate,4,1,9,8136,512,3386.4080542698503,27.612961877917474
tp,intermediate,4,1,10,8136,512,5034.928449429572,24.388667414741274
tp,intermediate,4,1,11,8136,512,5013.675010763109,24.409338919383906
tp,intermediate,4,1,12,8136,512,1745.5562371760607,30.572550992778485
tp,intermediate,4,1,13,8136,512,3380.5606327950954,27.383359156388593
tp,intermediate,4,1,14,8136,512,5025.34298133105,24.160026592692752
tp,intermediate,4,1,15,8136,512,5023.197108879685,20.95078814905975
tp,intermediate,4,2,0,8136,512,3383.002607151866,27.580583745107024
tp,intermediate,4,2,1,8136,512,1718.550636433065,30.753731661988333
tp,intermediate,4,2,2,8136,512,5058.181526139379,24.37077570932602
tp,intermediate,4,2,3,8136,512,6721.496071666479,24.403939832825717
tp,intermediate,4,2,4,8136,512,1751.6966545954347,30.804607186123818
tp,intermediate,4,2,5,8136,512,3384.866375476122,27.622035828486464
tp,intermediate,4,2,6,8136,512,5030.95119073987,24.401488263750498
tp,intermediate,4,2,7,8136,512,5006.690216250718,24.434458123567403
tp,intermediate,4,2,8,8136,512,1751.5393048524857,30.76258992298767
tp,intermediate,4,2,9,8136,512,3378.932600840926,27.578580439265693
tp,intermediate,4,2,10,8136,512,5023.560215719044,24.359228936937107
tp,intermediate,4,2,11,8136,512,5019.556646235287,24.356826933906387
tp,intermediate,4,2,12,8136,512,1742.2388270497322,30.622680172134636
tp,intermediate,4,2,13,8136,512,3377.578366547823,27.433878742158413
tp,intermediate,4,2,14,8136,512,5023.242735303938,24.21332211935357
tp,intermediate,4,2,15,8136,512,5025.373289361596,21.001180528194702
tp,intermediate,4,3,0,8136,512,3404.6250050887465,27.530731099298674
tp,intermediate,4,3,1,8136,512,1742.2392861917615,30.70071039433407
tp,intermediate,4,3,2,8136,512,5080.506986007094,24.31966745660963
tp,intermediate,4,3,3,8136,512,6743.170319125056,24.34381974383518
tp,intermediate,4,3,4,8136,512,1745.723624713719,30.71890666592436
tp,intermediate,4,3,5,8136,512,3383.848507888615,27.536641110150313
tp,intermediate,4,3,6,8136,512,5026.501123793423,24.31860689890303
tp,intermediate,4,3,7,8136,512,5014.643874019384,24.333489951249323
tp,intermediate,4,3,8,8136,512,1751.7078733071685,30.792295245668775
tp,intermediate,4,3,9,8136,512,3374.8110868036747,27.61272365617367
tp,intermediate,4,3,10,8136,512,5024.782570078969,24.38617243619231
tp,intermediate,4,3,11,8136,512,5026.549064554274,24.379988556359613
tp,intermediate,4,3,12,8136,512,1743.2694183662534,30.65553609894155
tp,intermediate,4,3,13,8136,512,3384.118450805545,27.460291075890193
tp,intermediate,4,3,14,8136,512,5032.754713669419,24.233228948018322
tp,intermediate,4,3,15,8136,512,5037.457739003003,21.013006697356
tp,prefill,1,1,0,32712,128,10119.58608776331,16.81789060629259
tp,prefill,1,1,1,32712,128,10085.307873785496,16.827372533423226
tp,prefill,1,1,2,32712,128,10091.744563542306,16.837530373412324
tp,prefill,1,1,3,32712,128,10100.173568353057,16.812065696915774
tp,prefill,1,1,4,32712,128,10110.90927105397,16.811824132373015
tp,prefill,1,1,5,32712,128,10109.540624544024,16.821496657968506
tp,prefill,1,1,6,32712,128,10113.120284862816,16.826057667279336
tp,prefill,1,1,7,32712,128,10105.299971997738,16.822529480037257
tp,prefill,1,1,8,32712,128,10108.963000588119,16.831456969572802
tp,prefill,1,1,9,32712,128,10138.43681011349,16.8142225519996
tp,prefill,1,1,10,32712,128,10145.55930905044,16.83569886523673
tp,prefill,1,1,11,32712,128,10159.17708631605,16.813158952286393
tp,prefill,1,1,12,32712,128,10152.65444573015,16.817441488814165
tp,prefill,1,1,13,32712,128,10130.261394195259,16.826774932326764
tp,prefill,1,1,14,32712,128,10126.307295635343,16.830411908312108
tp,prefill,1,1,15,32712,128,10115.780068561435,16.823989573836794
tp,prefill,1,2,0,32712,128,10139.393804594874,16.622105415353154
tp,prefill,1,2,1,32712,128,10112.658879719675,16.752988928708973
tp,prefill,1,2,2,32712,128,10098.251724615693,16.801232868057536
tp,prefill,1,2,3,32712,128,10123.516222462058,16.796119709125186
tp,prefill,1,2,4,32712,128,10144.24522779882,16.80857861986545
tp,prefill,1,2,5,32712,128,10115.400749258697,16.818245454860016
tp,prefill,1,2,6,32712,128,10125.781037844718,16.826900448210125
tp,prefill,1,2,7,32712,128,10130.874176509678,16.804225632818195
tp,prefill,1,2,8,32712,128,10129.04828414321,16.821600313437735
tp,prefill,1,2,9,32712,128,10141.427382826805,16.809231579655737
tp,prefill,1,2,10,32712,128,10129.982555285096,16.82089434159318
tp,prefill,1,2,11,32712,128,10134.365087375045,16.813076834568356
tp,prefill,1,2,12,32712,128,10111.769672483206,16.817864727258215
tp,prefill,1,2,13,32712,128,10107.332097366452,16.83617709571217
tp,prefill,1,2,14,32712,128,10129.173941910267,16.806059186970156
tp,prefill,1,2,15,32712,128,10117.098218761384,16.80776557525781
tp,prefill,1,3,0,32712,128,10120.026983320713,16.656672706695524
tp,prefill,1,3,1,32712,128,10087.409170344472,16.774974162067014
tp,prefill,1,3,2,32712,128,10119.196117855608,16.775337377871114
tp,prefill,1,3,3,32712,128,10130.251265130937,16.79391607524842
tp,prefill,1,3,4,32712,128,10112.512632273138,16.818983780997474
tp,prefill,1,3,5,32712,128,10116.839067079127,16.821523864320884
tp,prefill,1,3,6,32712,128,10146.407566964626,16.813507171597067
tp,prefill,1,3,7,32712,128,10128.915190696716,16.81059070195504
tp,prefill,1,3,8,32712,128,10125.675377435982,16.82822445891504
tp,prefill,1,3,9,32712,128,10136.187322437763,16.819611184416324
tp,prefill,1,3,10,32712,128,10121.006169356406,16.7480949239116
tp,prefill,1,3,11,32712,128,10135.070194490254,16.78696329023425
tp,prefill,1,3,12,32712,128,10127.239783294499,16.83381592898857
tp,prefill,1,3,13,32712,128,10183.847376145422,16.84438944684239
tp,prefill,1,3,14,32712,128,10123.28926101327,16.82434624104988
tp,prefill,1,3,15,32712,128,10112.032702192664,16.816799873559493
tp,prefill,16,1,0,32712,128,10104.566461406648,269.4543564589474
tp,prefill,16,1,1,32712,128,55040.82868248224,273.5196204533375
tp,prefill,16,1,2,32712,128,20437.88208346814,258.2623909528213
tp,prefill,16,1,3,32712,128,41619.515667669475,259.44746974269003
tp,prefill,16,1,4,32712,128,30937.10369244218,259.5592316269405
tp,prefill,16,1,5,32712,128,65708.95459223539,259.69208193224244
tp,prefill,16,1,6,32712,128,76372.73018155247,259.84166924819704
tp,prefill,16,1,7,32712,128,100496.43417075276,273.534593810364
tp,prefill,16,1,8,32712,128,87062.73439433426,259.76162436088237
tp,prefill,16,1,9,32712,128,111182.84301552922,259.5851465209028
tp,prefill,16,1,10,32712,128,132543.2349378243,259.4469230416722
tp,prefill,16,1,11,32712,128,121858.03331341594,259.57320040957194
tp,prefill,16,1,12,32712,128,145955.29862120748,273.5966597133734
tp,prefill,16,1,13,32712,128,167295.63016910106,259.854027480767
tp,prefill,16,1,14,32712,128,156625.72331074625,259.7982929579503
tp,prefill,16,1,15,32712,128,177990.34312181175,259.65851274736985
tp,prefill,16,1,16,32712,128,147108.72390680015,273.3565160022007
tp,prefill,16,1,17,32712,128,148880.48210088164,259.4369721166262
tp,prefill,16,1,18,32712,128,148886.53082214296,259.4629412179622
tp,prefill,16,1,19,32712,128,148898.34493864328,259.5255596592553
tp,prefill,16,1,20,32712,128,147098.18703401834,273.6644741573085
tp,prefill,16,1,21,32712,128,148858.8990997523,259.8863408174806
tp,prefill,16,1,22,32712,128,148860.05205567926,259.8908047932457
tp,prefill,16,1,23,32712,128,148884.4087794423,259.78439598248934
tp,prefill,16,1,24,32712,128,147129.52102068812,273.70500392243855
tp,prefill,16,1,25,32712,128,148874.9689962715,259.91987882871325
tp,prefill,16,1,26,32712,128,148910.47866269946,259.6941897718925
tp,prefill,16,1,27,32712,128,148935.5314038694,259.5778739109166
tp,prefill,16,1,28,32712,128,147142.91352871805,273.780951584418
tp,prefill,16,1,29,32712,128,148929.04448136687,259.71498122570785
tp,prefill,16,1,30,32712,128,148911.79462708533,259.8113487877949
tp,prefill,16,1,31,32712,128,148936.12862750888,259.70931829312656
tp,prefill,16,1,32,32712,128,147196.3544851169,273.7323760648999
tp,prefill,16,1,33,32712,128,148960.56561730802,259.84319778320594
tp,prefill,16,1,34,32712,128,148955.7480616495,259.79773864502044
tp,prefill,16,1,35,32712,128,148964.3661780283,259.69442797780744
tp,prefill,16,1,36,32712,128,147206.77449181676,273.4921130491054
tp,prefill,16,1,37,32712,128,148945.27150690556,259.5992721470557
tp,prefill,16,1,38,32712,128,148933.38497262448,259.6420415376467
tp,prefill,16,1,39,32712,128,148952.551336959,259.392919737523
tp,prefill,16,1,40,32712,128,147155.4381530732,273.24428039742264
tp,prefill,16,1,41,32712,128,148911.54829133302,259.47422411028793
tp,prefill,16,1,42,32712,128,148915.67509807646,259.4262438892262
tp,prefill,16,1,43,32712,128,148924.4039542973,259.31026367837285
tp,prefill,16,1,44,32712,128,147091.85145702213,273.5394477096247
tp,prefill,16,1,45,32712,128,148848.57857972383,259.70461264281994
tp,prefill,16,1,46,32712,128,148854.23276387155,259.7645312459685
tp,prefill,16,1,47,32712,128,148864.6692596376,259.6354907613218
tp,prefill,16,1,48,32712,128,147073.2716312632,273.6771968523348
tp,prefill,16,1,49,32712,128,148842.23795402795,259.8110532652088
tp,prefill,16,1,50,32712,128,148849.5353749022,259.7195488422757
tp,prefill,16,1,51,32712,128,148863.502596505,259.63513574408967
tp,prefill,16,1,52,32712,128,147101.21353715658,273.63633200907566
tp,prefill,16,1,53,32712,128,148860.59279646724,259.83794923783756
tp,prefill,16,1,54,32712,128,148867.11905524135,259.7579513713131
tp,prefill,16,1,55,32712,128,148888.38903605938,259.6085189702356
tp,prefill,16,1,56,32712,128,147152.63590682298,273.830841794082
tp,prefill,16,1,57,32712,128,148902.2344648838,260.0385847347458
tp,prefill,16,1,58,32712,128,148915.93982931226,259.9558064010082
tp,prefill,16,1,59,32712,128,148940.1516020298,259.8285033682904
tp,prefill,16,1,60,32712,128,147195.42636536062,273.4213123083349
tp,prefill,16,1,61,32712,128,148934.16294362396,191.19316186961225
tp,prefill,16,1,62,32712,128,148944.66745574027,108.2718219593402
tp,prefill,16,1,63,32712,128,148961.9109109044,25.118862513423434
tp,prefill,16,2,0,32712,128,30970.44100612402,259.7368244507064
tp,prefill,16,2,1,32712,128,41660.664829425514,259.65344275927214
tp,prefill,16,2,2,32712,128,10168.659783899784,269.2343374992919
tp,prefill,16,2,3,32712,128,20465.801454149187,258.37689663070864
tp,prefill,16,2,4,32712,128,55109.73767284304,273.4352290909004
tp,prefill,16,2,5,32712,128,76445.55570930243,259.8974393079365
tp,prefill,16,2,6,32712,128,132741.1338351667,261.0185772224557
tp,prefill,16,2,7,32712,128,87131.02172780782,260.1813551287834
tp,prefill,16,2,8,32712,128,65756.95191975683,259.8078351203851
tp,prefill,16,2,9,32712,128,111260.2172549814,261.12218491557076
tp,prefill,16,2,10,32712,128,100558.99992212653,274.810765561919
tp,prefill,16,2,11,32712,128,156974.47323706,261.36779398694046
tp,prefill,16,2,12,32712,128,121986.83200776577,261.17624390841
tp,prefill,16,2,13,32712,128,146235.50241813064,275.316978122775
tp,prefill,16,2,14,32712,128,167699.0232942626,261.390635648405
tp,prefill,16,2,15,32712,128,178497.39596713334,260.79869089193465
tp,prefill,16,2,16,32712,128,147616.16223677993,274.64269838611204
tp,prefill,16,2,17,32712,128,149437.1889596805,260.73595757530194
tp,prefill,16,2,18,32712,128,149474.53172691166,260.7974985423755
tp,prefill,16,2,19,32712,128,149549.8550189659,260.5760256488492
tp,prefill,16,2,20,32712,128,147806.6250095144,274.5555879577525
tp,prefill,16,2,21,32712,128,149610.79498101026,260.480831399208
tp,prefill,16,2,22,32712,128,149637.98368070275,260.3003288230558
tp,prefill,16,2,23,32712,128,149646.8334440142,260.05321627438775
tp,prefill,16,2,24,32712,128,147794.44551933557,274.1621127865446
tp,prefill,16,2,25,32712,128,149534.7876418382,260.2397716772838
tp,prefill,16,2,26,32712,128,149498.56450874358,260.20475960241293
tp,prefill,16,2,27,32712,128,149482.90500883013,260.0699816060465
tp,prefill,16,2,28,32712,128,147613.30532841384,274.1715043753855
tp,prefill,16,2,29,32712,128,149341.92292392254,260.3879318990576
tp,prefill,16,2,30,32712,128,149301.55567079782,260.6234836986098
tp,prefill,16,2,31,32712,128,149300.17076432705,260.6323540621386
tp,prefill,16,2,32,32712,128,147515.0972912088,274.8237932687552
tp,prefill,16,2,33,32712,128,149287.81974874437,260.61336971144743
tp,prefill,16,2,34,32712,128,149297.2863232717,260.2942745809949
tp,prefill,16,2,35,32712,128,149298.44785761088,260.04222724000067
tp,prefill,16,2,36,32712,128,147518.22794880718,274.0074522045302
tp,prefill,16,2,37,32712,128,149261.2722273916,260.2718076412016
tp,prefill,16,2,38,32712,128,149246.54671736062,260.5809902654975
tp,prefill,16,2,39,32712,128,149290.82089103758,260.29467407437994
tp,prefill,16,2,40,32712,128,147505.28174545616,274.15360239019077
tp,prefill,16,2,41,32712,128,149288.01257535815,260.0739935530335
tp,prefill,16,2,42,32712,128,149299.5763476938,259.9123358418505
tp,prefill,16,2,43,32712,128,149314.53346647322,259.7353350092459
tp,prefill,16,2,44,32712,128,147500.02282112837,273.8243777994213
tp,prefill,16,2,45,32712,128,149239.58513513207,260.0394822583776
tp,prefill,16,2,46,32712,128,149200.2921095118,260.28902462764285
tp,prefill,16,2,47,32712,128,149195.1929880306,260.17127688387484
tp,prefill,16,2,48,32712,128,147378.7554288283,274.05134331816294
tp,prefill,16,2,49,32712,128,149152.41306927055,260.1581773918679
tp,prefill,16,2,50,32712,128,149184.54792816192,259.9376983515273
tp,prefill,16,2,51,32712,128,149194.95085813105,259.86520425365194
tp,prefill,16,2,52,32712,128,147388.53300362825,274.17077424781996
tp,prefill,16,2,53,32712,128,149147.4435031414,260.482507801842
tp,prefill,16,2,54,32712,128,149120.73071859777,260.7737007279565
tp,prefill,16,2,55,32712,128,149136.2440418452,260.89615998863
tp,prefill,16,2,56,32712,128,147396.74593880773,274.9488855763449
tp,prefill,16,2,57,32712,128,149215.50223603845,260.85150442782816
tp,prefill,16,2,58,32712,128,149246.09313812107,260.78353852297613
tp,prefill,16,2,59,32712,128,149322.40018434823,260.6500482450672
tp,prefill,16,2,60,32712,128,147575.3166861832,274.66221824728365
tp,prefill,16,2,61,32712,128,149376.071812585,191.77172644665157
tp,prefill,16,2,62,32712,128,149389.71948623657,108.62232493163329
tp,prefill,16,2,63,32712,128,149427.44937818497,25.10813380936234
tp,prefill,16,3,0,32712,128,10198.828984983265,270.41363650859574
tp,prefill,16,3,1,32712,128,41839.484468102455,261.00774092497085
tp,prefill,16,3,2,32712,128,20537.72896528244,259.6081061376713
tp,prefill,16,3,3,32712,128,31095.03275435418,261.06250747363634
tp,prefill,16,3,4,32712,128,55327.34617125243,275.1426948087774
tp,prefill,16,3,5,32712,128,66049.72886759788,261.22115499625994
tp,prefill,16,3,6,32712,128,76801.96095723659,260.9749341999569
tp,prefill,16,3,7,32712,128,101043.70914772153,274.74752080986116
tp,prefill,16,3,8,32712,128,87545.65240908414,260.84391327618846
tp,prefill,16,3,9,32712,128,133224.72661267966,260.9084433780646
tp,prefill,16,3,10,32712,128,111744.02074329555,261.0132923115074
tp,prefill,16,3,11,32712,128,122487.583280541,260.9598679233372
tp,prefill,16,3,12,32712,128,157446.3041285053,261.05852480097786
tp,prefill,16,3,13,32712,128,146704.82808817178,275.0563448162999
tp,prefill,16,3,14,32712,128,168168.9838077873,261.09874502968364
tp,prefill,16,3,15,32712,128,178913.40352967381,260.9451519780037
tp,prefill,16,3,16,32712,128,147881.0649253428,274.6678804025406
tp,prefill,16,3,17,32712,128,149641.1252664402,260.7324562864158
tp,prefill,16,3,18,32712,128,149630.2339490503,260.7257336114101
tp,prefill,16,3,19,32712,128,149645.11692803353,260.61516951065596
tp,prefill,16,3,20,32712,128,147810.96461880952,274.9556318350782
tp,prefill,16,3,21,32712,128,149582.72791747004,261.0706944150601
tp,prefill,16,3,22,32712,128,149591.38190094382,261.06426387467957
tp,prefill,16,3,23,32712,128,149620.70786207914,260.84747443371634
tp,prefill,16,3,24,32712,128,147842.50744618475,274.7885650463813
tp,prefill,16,3,25,32712,128,149613.08589670807,260.8163016078275
tp,prefill,16,3,26,32712,128,149606.43257759511,261.0560706119955
tp,prefill,16,3,27,32712,128,149620.66369876266,260.94536553687
tp,prefill,16,3,28,32712,128,147805.41537422687,275.17366891829516
tp,prefill,16,3,29,32712,128,149600.9887335822,261.06324216981574
tp,prefill,16,3,30,32712,128,149609.2264680192,260.9546103214068
tp,prefill,16,3,31,32712,128,149593.27817894518,261.05301513329266
tp,prefill,16,3,32,32712,128,147868.05659439415,274.9717378196871
tp,prefill,16,3,33,32712,128,149643.90832651407,260.94780434069673
tp,prefill,16,3,34,32712,128,149643.60088389367,260.8669314196143
tp,prefill,16,3,35,32712,128,149647.83863164485,260.7201919120949
tp,prefill,16,3,36,32712,128,147865.3476368636,274.5658537284948
tp,prefill,16,3,37,32712,128,149612.51208931208,260.6866182392742
tp,prefill,16,3,38,32712,128,149604.5615505427,260.790533833499
tp,prefill,16,3,39,32712,128,149622.64848407358,260.63893464811906
tp,prefill,16,3,40,32712,128,147827.65332236886,274.49181417780596
tp,prefill,16,3,41,32712,128,149598.71790464967,260.6245487063067
tp,prefill,16,3,42,32712,128,149572.15945329517,260.65202807552936
tp,prefill,16,3,43,32712,128,149585.90086642653,260.63737192550514
tp,prefill,16,3,44,32712,128,147748.68934508413,274.97322819247023
tp,prefill,16,3,45,32712,128,149524.98827502131,260.9562077962859
tp,prefill,16,3,46,32712,128,149558.81541315466,260.76736670779434
tp,prefill,16,3,47,32712,128,149548.88921696693,260.83382677404194
tp,prefill,16,3,48,32712,128,147757.71151762456,274.7863165183565
tp,prefill,16,3,49,32712,128,149533.1898899749,260.8796444640854
tp,prefill,16,3,50,32712,128,149541.2894403562,260.887445801297
tp,prefill,16,3,51,32712,128,149568.71972884983,260.7529423250927
tp,prefill,16,3,52,32712,128,147788.03959582,274.90217178531987
tp,prefill,16,3,53,32712,128,149565.2588000521,261.0045612577026
tp,prefill,16,3,54,32712,128,149568.10578051955,260.9611275334527
tp,prefill,16,3,55,32712,128,149592.65430364758,260.8325158458526
tp,prefill,16,3,56,32712,128,147847.12651371956,274.92996047096926
tp,prefill,16,3,57,32712,128,149614.72241580486,260.9596065370234
tp,prefill,16,3,58,32712,128,149610.48016976565,260.9301864822197
tp,prefill,16,3,59,32712,128,149621.92251626402,260.7638182147868
tp,prefill,16,3,60,32712,128,147838.81119266152,274.62618905816254
tp,prefill,16,3,61,32712,128,149604.70889881253,191.8459588251128
tp,prefill,16,3,62,32712,128,149600.5751863122,108.6399902142291
tp,prefill,16,3,63,32712,128,149610.03153398633,25.121394346842145
tp,prefill,4,1,0,32712,128,20443.130024708807,212.8519046993002
tp,prefill,4,1,1,32712,128,10132.083130069077,269.2777376519296
tp,prefill,4,1,2,32712,128,41646.76156733185,212.93155458117798
tp,prefill,4,1,3,32712,128,30953.81178893149,213.71174367570032
tp,prefill,4,1,4,32712,128,10765.856062993407,272.5567592117261
tp,prefill,4,1,5,32712,128,18211.942059919238,213.97018147353816
tp,prefill,4,1,6,32712,128,18233.341326005757,213.5522066886852
tp,prefill,4,1,7,32712,128,18338.83043844253,213.13100490777745
tp,prefill,4,1,8,32712,128,10736.932455562055,272.97279972759054
tp,prefill,4,1,9,32712,128,18235.42221263051,213.9340590274944
tp,prefill,4,1,10,32712,128,18274.358400143683,213.9239835985533
tp,prefill,4,1,11,32712,128,18327.490421012044,213.37015640107902
tp,prefill,4,1,12,32712,128,10776.17530990392,272.76696821337373
tp,prefill,4,1,13,32712,128,18255.41318487376,190.84307197188065
tp,prefill,4,1,14,32712,128,18226.260234601796,108.65529883271597
tp,prefill,4,1,15,32712,128,18301.304939202964,25.453913333554436
tp,prefill,4,2,0,32712,128,10167.405147105455,269.7566213731573
tp,prefill,4,2,1,32712,128,31004.817412234843,214.41782972826732
tp,prefill,4,2,2,32712,128,41723.29757269472,213.60232270374073
tp,prefill,4,2,3,32712,128,20474.487248808146,213.43550987277678
tp,prefill,4,2,4,32712,128,10795.138633809984,273.06385490104674
tp,prefill,4,2,5,32712,128,18258.085844106972,214.28628669919695
tp,prefill,4,2,6,32712,128,18268.804230727255,213.71743021400894
tp,prefill,4,2,7,32712,128,18363.00949472934,213.2615773227271
tp,prefill,4,2,8,32712,128,10736.344689503312,273.24995809183343
tp,prefill,4,2,9,32712,128,18234.3090204522,205.48253657486964
tp,prefill,4,2,10,32712,128,18287.31264360249,205.41710791537378
tp,prefill,4,2,11,32712,128,18342.279890552163,204.83947699288214
tp,prefill,4,2,12,32712,128,10808.832062408328,272.66933967718694
tp,prefill,4,2,13,32712,128,19403.769788332283,190.712868434003
tp,prefill,4,2,14,32712,128,19358.91545098275,108.59367921655102
tp,prefill,4,2,15,32712,128,19432.538538239896,25.348372940766062
tp,prefill,4,3,0,32712,128,20424.549197778106,212.79506335460295
tp,prefill,4,3,1,32712,128,10119.54656150192,269.1984957773385
tp,prefill,4,3,2,32712,128,30924.210631288588,213.7069055282577
tp,prefill,4,3,3,32712,128,41610.3929458186,212.9544933495207
tp,prefill,4,3,4,32712,128,10763.593336567283,272.606250426666
tp,prefill,4,3,5,32712,128,18209.358169697225,214.03268534015484
tp,prefill,4,3,6,32712,128,18226.88191384077,213.62319093666912
tp,prefill,4,3,7,32712,128,18322.40471523255,213.22846491857777
tp,prefill,4,3,8,32712,128,10731.436940841377,272.9991206415291
tp,prefill,4,3,9,32712,128,18218.932127580047,214.02391959275081
tp,prefill,4,3,10,32712,128,18262.798440642655,214.05976402800619
tp,prefill,4,3,11,32712,128,18324.058913625777,213.4900548840015
tp,prefill,4,3,12,32712,128,10780.626991763711,272.54161949995466
tp,prefill,4,3,13,32712,128,18254.960105754435,190.60175967820751
tp,prefill,4,3,14,32712,128,18210.558637045324,108.49619181606714
tp,prefill,4,3,15,32712,128,18280.917865224183,25.336691097715708
pp,decode,1,1,0,968,1024,422.11188189685345,16.94611754024425
pp,decode,1,1,1,968,1024,387.9002667963505,16.948021612405952
pp,decode,1,1,2,968,1024,379.2522428557277,16.941958233597575
pp,decode,1,1,3,968,1024,384.74787678569555,16.95276620385409
pp,decode,1,1,4,968,1024,390.68901631981134,16.954155759895013
pp,decode,1,1,5,968,1024,378.2511744648218,16.956197854426424
pp,decode,1,1,6,968,1024,378.50633822381496,16.940161931753625
pp,decode,1,1,7,968,1024,380.80455735325813,16.94119569343876
pp,decode,1,1,8,968,1024,383.72051902115345,16.940986977039834
pp,decode,1,1,9,968,1024,389.09803982824087,16.94446023214947
pp,decode,1,1,10,968,1024,387.8423674032092,16.941465363671178
pp,decode,1,1,11,968,1024,385.6097115203738,16.947043274883416
pp,decode,1,1,12,968,1024,385.9506491571665,16.964468636157633
pp,decode,1,1,13,968,1024,390.1922246441245,16.946604456260932
pp,decode,1,1,14,968,1024,383.5312891751528,16.94256859036747
pp,decode,1,1,15,968,1024,379.55707032233477,16.950183571703214
pp,decode,1,2,0,968,1024,416.92525427788496,16.94032175599334
pp,decode,1,2,1,968,1024,376.3579521328211,16.948838977694862
pp,decode,1,2,2,968,1024,377.96134408563375,16.94163941811927
pp,decode,1,2,3,968,1024,381.51887338608503,16.95194821950423
pp,decode,1,2,4,968,1024,383.94758850336075,16.951267044892933
pp,decode,1,2,5,968,1024,375.5811685696244,16.942409010110595
pp,decode,1,2,6,968,1024,375.72131492197514,16.94240477864693
pp,decode,1,2,7,968,1024,378.53673566132784,16.944143709017442
pp,decode,1,2,8,968,1024,385.95963548868895,16.944718316838305
pp,decode,1,2,9,968,1024,377.5421092286706,16.945517204068274
pp,decode,1,2,10,968,1024,384.3246251344681,16.939929213087172
pp,decode,1,2,11,968,1024,378.31154838204384,16.951035677235964
pp,decode,1,2,12,968,1024,384.7258249297738,16.945963710881514
pp,decode,1,2,13,968,1024,383.6427116766572,16.94732556849689
pp,decode,1,2,14,968,1024,381.2930742278695,16.945545721839192
pp,decode,1,2,15,968,1024,380.3828973323107,16.94838983805182
pp,decode,1,3,0,968,1024,424.39779825508595,16.940530129177596
pp,decode,1,3,1,968,1024,379.9601560458541,16.948709083231254
pp,decode,1,3,2,968,1024,375.97183138132095,16.93916216743919
pp,decode,1,3,3,968,1024,383.2144094631076,16.949427210318902
pp,decode,1,3,4,968,1024,395.13485971838236,16.950579943683433
pp,decode,1,3,5,968,1024,382.06661213189363,16.942721254439007
pp,decode,1,3,6,968,1024,379.3454095721245,16.940350237348913
pp,decode,1,3,7,968,1024,384.1706831008196,16.941049099806058
pp,decode,1,3,8,968,1024,384.7883837297559,16.9517504941683
pp,decode,1,3,9,968,1024,377.7837576344609,16.946246553456387
pp,decode,1,3,10,968,1024,386.2818172201514,16.944437296851696
pp,decode,1,3,11,968,1024,377.79392674565315,16.948956709431588
pp,decode,1,3,12,968,1024,381.57496973872185,16.945571333665185
pp,decode,1,3,13,968,1024,380.57800848037004,16.947015577368255
pp,decode,1,3,14,968,1024,376.1637546122074,16.947191925073007
pp,decode,1,3,15,968,1024,376.60602387040854,16.952525149714038
pp,decode,16,1,0,968,1024,429.62274979799986,51.78181140638983
pp,decode,16,1,1,968,1024,1653.5903047770262,50.691744654948295
pp,decode,16,1,2,968,1024,1652.9686925932765,50.69182647113576
pp,decode,16,1,3,968,1024,1652.8003755956888,50.690928904680156
pp,decode,16,1,4,968,1024,1651.9790468737483,50.69053090584418
pp,decode,16,1,5,968,1024,2864.3393823876977,49.89751929167807
pp,decode,16,1,6,968,1024,2863.71392570436,49.898086712929626
pp,decode,16,1,7,968,1024,2863.4597724303603,49.89753662629503
pp,decode,16,1,8,968,1024,2862.2940918430686,49.89697771622114
pp,decode,16,1,9,968,1024,4080.2919501438737,48.74387312997296
pp,decode,16,1,10,968,1024,4080.321497283876,48.74320881020638
pp,decode,16,1,11,968,1024,4080.048388801515,48.74390042509851
pp,decode,16,1,12,968,1024,4079.2060112580657,48.74405347244161
pp,decode,16,1,13,968,1024,4804.710322059691,49.17197894643653
pp,decode,16,1,14,968,1024,4805.024808272719,49.17266027763384
pp,decode,16,1,15,968,1024,4804.935438558459,49.17208248529062
pp,decode,16,1,16,968,1024,507.86367431282997,51.11517785399249
pp,decode,16,1,17,968,1024,1602.99869813025,50.041084999868595
pp,decode,16,1,18,968,1024,1602.840836159885,50.04143955246095
pp,decode,16,1,19,968,1024,1602.8870847076178,50.0416531749179
pp,decode,16,1,20,968,1024,1602.8703032061458,50.041654615144985
pp,decode,16,1,21,968,1024,2360.676186159253,49.30627791944778
pp,decode,16,1,22,968,1024,2360.4117734357715,49.307865279117635
pp,decode,16,1,23,968,1024,2360.017946921289,49.30689456241746
pp,decode,16,1,24,968,1024,2359.4977408647537,49.3068837989504
pp,decode,16,1,25,968,1024,3484.0902807191014,48.207201387729576
pp,decode,16,1,26,968,1024,3483.382879756391,48.20794688732539
pp,decode,16,1,27,968,1024,3483.0182883888483,48.20802662874829
pp,decode,16,1,28,968,1024,3482.9683220013976,48.20821636273568
pp,decode,16,1,29,968,1024,3228.9749598130584,48.4546355790261
pp,decode,16,1,30,968,1024,3228.377296589315,48.454516789423465
pp,decode,16,1,31,968,1024,3228.435185737908,48.45528312133059
pp,decode,16,1,32,968,1024,508.23585875332355,51.25953364418137
pp,decode,16,1,33,968,1024,1605.543495155871,50.189003099815764
pp,decode,16,1,34,968,1024,1606.0416186228395,50.189145146992026
pp,decode,16,1,35,968,1024,1604.7513606026769,50.18863367974642
pp,decode,16,1,36,968,1024,1604.0997244417667,50.189135158261536
pp,decode,16,1,37,968,1024,2351.2308290228248,49.45199391308476
pp,decode,16,1,38,968,1024,2350.2670219168067,49.452662796605075
pp,decode,16,1,39,968,1024,2350.171960890293,49.452681893724964
pp,decode,16,1,40,968,1024,2349.499044008553,49.4534478050348
pp,decode,16,1,41,968,1024,3480.0113141536713,48.34873770488351
pp,decode,16,1,42,968,1024,3479.139419272542,48.349650218019505
pp,decode,16,1,43,968,1024,3479.18938472867,48.34954988098506
pp,decode,16,1,44,968,1024,3479.013331234455,48.3497489782693
pp,decode,16,1,45,968,1024,3222.4180018529296,48.60304666633917
pp,decode,16,1,46,968,1024,3222.6584078744054,48.60327787649975
pp,decode,16,1,47,968,1024,3222.276865504682,48.60317698140007
pp,decode,16,1,48,968,1024,501.88905093818903,52.03727373847863
pp,decode,16,1,49,968,1024,1600.481211207807,50.9613828400363
pp,decode,16,1,50,968,1024,1600.4195353016257,50.961742839454615
pp,decode,16,1,51,968,1024,1599.7080048546195,50.961035887327476
pp,decode,16,1,52,968,1024,1599.8685490339994,50.96173473977041
pp,decode,16,1,53,968,1024,2357.76056535542,49.87944751424407
pp,decode,16,1,54,968,1024,2356.726573780179,49.87926974816144
pp,decode,16,1,55,968,1024,2356.81841801852,49.87949400481095
pp,decode,16,1,56,968,1024,2356.5063774585724,49.87958342270272
pp,decode,16,1,57,968,1024,3483.0040698871017,48.78192797361464
pp,decode,16,1,58,968,1024,3482.097831554711,48.782474279425536
pp,decode,16,1,59,968,1024,3482.0387102663517,48.78244013912459
pp,decode,16,1,60,968,1024,3481.858287937939,48.78262776739437
pp,decode,16,1,61,968,1024,3221.3399074971676,47.92564202606212
pp,decode,16,1,62,968,1024,3221.3637717068195,47.92523758352997
pp,decode,16,1,63,968,1024,3221.1385555565357,47.92485264961117
pp,decode,16,2,0,968,1024,422.9029631242156,51.57205633334779
pp,decode,16,2,1,968,1024,1647.070656530559,50.47713811049567
pp,decode,16,2,2,968,1024,1646.346271969378,50.47709033719809
pp,decode,16,2,3,968,1024,1646.15130238235,50.477060466596924
pp,decode,16,2,4,968,1024,1645.2668653801084,50.476242639743454
pp,decode,16,2,5,968,1024,2857.4406057596207,49.67847674764613
pp,decode,16,2,6,968,1024,2856.728345155716,49.679027558035806
pp,decode,16,2,7,968,1024,2856.9597834721208,49.67995710263096
pp,decode,16,2,8,968,1024,4073.9688370376825,48.5228330146372
pp,decode,16,2,9,968,1024,4074.4192712008953,48.523509214001315
pp,decode,16,2,10,968,1024,2855.6446386501193,49.67910998235962
pp,decode,16,2,11,968,1024,4074.0775326266885,48.5229969519907
pp,decode,16,2,12,968,1024,4073.283776640892,48.52353962446005
pp,decode,16,2,13,968,1024,4798.592726700008,48.95010106320168
pp,decode,16,2,14,968,1024,4798.916472122073,48.95052534845801
pp,decode,16,2,15,968,1024,4798.515920527279,48.95069954037404
pp,decode,16,2,16,968,1024,495.17937283962965,51.29027250018025
pp,decode,16,2,17,968,1024,1596.5037560090423,50.22278889733297
pp,decode,16,2,18,968,1024,1595.8677595481277,50.22287741303444
pp,decode,16,2,19,968,1024,1595.5324647948146,50.22251293999038
pp,decode,16,2,20,968,1024,1596.1917052045465,50.22234163672198
pp,decode,16,2,21,968,1024,2357.676967047155,49.48740256340302
pp,decode,16,2,22,968,1024,2356.7739948630333,49.488269565545046
pp,decode,16,2,23,968,1024,2356.6774502396584,49.48832498788688
pp,decode,16,2,24,968,1024,2356.0623237863183,49.48895446180511
pp,decode,16,2,25,968,1024,3483.668230473995,48.38644037567596
pp,decode,16,2,26,968,1024,3483.526410534978,48.387210848918755
pp,decode,16,2,27,968,1024,3482.9705664888024,48.38729784610014
pp,decode,16,2,28,968,1024,3482.5023487210274,48.386932804976624
pp,decode,16,2,29,968,1024,3228.0188659206033,48.63625417171248
pp,decode,16,2,30,968,1024,3227.5420613586903,48.63702293161307
pp,decode,16,2,31,968,1024,3227.441530674696,48.63711536560619
pp,decode,16,2,32,968,1024,503.0762618407607,50.99874643111858
pp,decode,16,2,33,968,1024,1605.3416207432747,49.92657540437064
pp,decode,16,2,34,968,1024,1605.3005028516054,49.927290231317194
pp,decode,16,2,35,968,1024,1605.2338164299726,49.92742542421421
pp,decode,16,2,36,968,1024,1605.0684433430433,49.92738172488391
pp,decode,16,2,37,968,1024,2349.7500205412507,49.19068990430029
pp,decode,16,2,38,968,1024,2348.8968620076776,49.19131896672506
pp,decode,16,2,39,968,1024,2349.0961398929358,49.192009513737055
pp,decode,16,2,40,968,1024,2348.3729576691985,49.19140663121773
pp,decode,16,2,41,968,1024,3480.933924205601,48.086576527011886
pp,decode,16,2,42,968,1024,3480.393168516457,48.08679851225394
pp,decode,16,2,43,968,1024,3480.0929985940456,48.087305044309254
pp,decode,16,2,44,968,1024,3480.077370069921,48.087262990042376
pp,decode,16,2,45,968,1024,3222.671232186258,48.33863053711191
pp,decode,16,2,46,968,1024,3221.9916936010122,48.33930133972117
pp,decode,16,2,47,968,1024,3222.008654847741,48.33928605984033
pp,decode,16,2,48,968,1024,500.36278646439314,52.86504141713255
pp,decode,16,2,49,968,1024,1597.966912202537,51.800058130447994
pp,decode,16,2,50,968,1024,1597.4813112989068,51.80047561786887
pp,decode,16,2,51,968,1024,1597.3648894578218,51.800557865578234
pp,decode,16,2,52,968,1024,1597.655120305717,51.80021603468838
pp,decode,16,2,53,968,1024,2356.532897800207,50.721916853507594
pp,decode,16,2,54,968,1024,2356.141555123031,50.72213387260631
pp,decode,16,2,55,968,1024,2355.688485316932,50.72220471047615
pp,decode,16,2,56,968,1024,2355.2375193685293,50.722122042169495
pp,decode,16,2,57,968,1024,3484.124967828393,49.62291402099536
pp,decode,16,2,58,968,1024,3483.9245080947876,49.62296506530175
pp,decode,16,2,59,968,1024,3483.3957944065332,49.623032731394616
pp,decode,16,2,60,968,1024,3482.962042093277,49.62315680850607
pp,decode,16,2,61,968,1024,3227.140801027417,48.76409173612633
pp,decode,16,2,62,968,1024,3226.268505677581,48.76389475457392
pp,decode,16,2,63,968,1024,3226.485817693174,48.76407205089854
pp,decode,16,3,0,968,1024,429.11391519010067,51.32267405920801
pp,decode,16,3,1,968,1024,1653.5547757521272,50.230747670525155
pp,decode,16,3,2,968,1024,1652.984564192593,50.23000653895057
pp,decode,16,3,3,968,1024,1652.7722915634513,50.22953212796506
pp,decode,16,3,4,968,1024,1652.3360339924693,50.23088378382015
pp,decode,16,3,5,968,1024,2861.821356229484,49.43531528588672
pp,decode,16,3,6,968,1024,2860.8390521258116,49.43500797856938
pp,decode,16,3,7,968,1024,4082.9550521448255,48.2753959255892
pp,decode,16,3,8,968,1024,2860.01455783844,49.43762971716455
pp,decode,16,3,9,968,1024,2859.740628860891,49.43525540812682
pp,decode,16,3,10,968,1024,4081.8950524553657,48.2757444760215
pp,decode,16,3,11,968,1024,4082.1124836802483,48.27619090363136
pp,decode,16,3,12,968,1024,4082.124256528914,48.276256658828736
pp,decode,16,3,13,968,1024,4806.5204452723265,48.70620567828621
pp,decode,16,3,14,968,1024,4805.630656890571,48.70706078080226
pp,decode,16,3,15,968,1024,4805.406822822988,48.70737529653812
pp,decode,16,3,16,968,1024,504.527585580945,51.65811367915581
pp,decode,16,3,17,968,1024,1598.1913972645998,50.58740438822427
pp,decode,16,3,18,968,1024,1599.0979382768273,50.58677498349521
pp,decode,16,3,19,968,1024,1599.4718968868256,50.586836292378365
pp,decode,16,3,20,968,1024,1598.6090507358313,50.587347838827355
pp,decode,16,3,21,968,1024,2359.1368664056063,49.85249449998752
pp,decode,16,3,22,968,1024,2359.0863002464175,49.85263823319448
pp,decode,16,3,23,968,1024,2358.966222964227,49.852692785209456
pp,decode,16,3,24,968,1024,2357.072450220585,49.85351592051057
pp,decode,16,3,25,968,1024,3483.975423499942,48.752252044354655
pp,decode,16,3,26,968,1024,3482.9899445176125,48.751915883334796
pp,decode,16,3,27,968,1024,3482.9863971099257,48.75218263578729
pp,decode,16,3,28,968,1024,3482.91187454015,48.75284600511324
pp,decode,16,3,29,968,1024,3226.6054954379797,48.999478508839395
pp,decode,16,3,30,968,1024,3226.4037616550922,48.99991417480296
pp,decode,16,3,31,968,1024,3225.991410203278,49.00035896645322
pp,decode,16,3,32,968,1024,506.6396612673998,51.03313680720003
pp,decode,16,3,33,968,1024,1602.4755649268627,49.96115230169522
pp,decode,16,3,34,968,1024,1603.250615298748,49.961847219459585
pp,decode,16,3,35,968,1024,1602.5264700874686,49.961234628607976
pp,decode,16,3,36,968,1024,1601.8886109814048,49.961362240739525
pp,decode,16,3,37,968,1024,2348.26323017478,49.224638934533964
pp,decode,16,3,38,968,1024,2348.0060528963804,49.224563297121
pp,decode,16,3,39,968,1024,2347.5658567622304,49.22443711520232
pp,decode,16,3,40,968,1024,2347.579512745142,49.22552365183335
pp,decode,16,3,41,968,1024,3480.076417326927,48.12056292030498
pp,decode,16,3,42,968,1024,3479.400615207851,48.12086024799567
pp,decode,16,3,43,968,1024,3479.530783370137,48.12121841663227
pp,decode,16,3,44,968,1024,3479.303240776062,48.121277442272984
pp,decode,16,3,45,968,1024,3222.7293830364943,48.372702115012345
pp,decode,16,3,46,968,1024,3222.5009193643928,48.37318415501367
pp,decode,16,3,47,968,1024,3222.0751820132136,48.37364865192016
pp,decode,16,3,48,968,1024,497.4520234391093,52.34685643345758
pp,decode,16,3,49,968,1024,1598.0571946129203,51.27732111059151
pp,decode,16,3,50,968,1024,1597.2849586978555,51.27700039514232
pp,decode,16,3,51,968,1024,1597.2946071997285,51.276963461784035
pp,decode,16,3,52,968,1024,1596.4234350249171,51.27716542950823
pp,decode,16,3,53,968,1024,2356.7608390003443,50.19869533197213
pp,decode,16,3,54,968,1024,2356.7589158192277,50.198598550896605
pp,decode,16,3,55,968,1024,2356.57068900764,50.198561119558406
pp,decode,16,3,56,968,1024,2356.319491751492,50.19882023298088
pp,decode,16,3,57,968,1024,3484.7920928150415,49.09994676873044
pp,decode,16,3,58,968,1024,3484.2271311208606,49.10012346784332
pp,decode,16,3,59,968,1024,3484.139524400234,49.100015471750396
pp,decode,16,3,60,968,1024,3483.91002882272,49.10000424944993
pp,decode,16,3,61,968,1024,3223.786416463554,48.242917751396334
pp,decode,16,3,62,968,1024,3223.5487466678023,48.242743346450496
pp,decode,16,3,63,968,1024,3223.249899223447,48.24246701402981
pp,decode,4,1,0,968,1024,1325.012680143118,26.81182789546187
pp,decode,4,1,1,968,1024,423.27388748526573,27.636408098478995
pp,decode,4,1,2,968,1024,1323.9718452095985,26.811378469958335
pp,decode,4,1,3,968,1024,1323.4859639778733,26.81188831398972
pp,decode,4,1,4,968,1024,420.0599202886224,27.56934385484527
pp,decode,4,1,5,968,1024,1272.0263013616204,26.73961072959887
pp,decode,4,1,6,968,1024,1271.661950275302,26.73988877445139
pp,decode,4,1,7,968,1024,1271.542082540691,26.73993916328148
pp,decode,4,1,8,968,1024,422.25880175828934,28.184347590276804
pp,decode,4,1,9,968,1024,1276.018226519227,27.353285694401983
pp,decode,4,1,10,968,1024,1275.7470021024346,27.353623306573546
pp,decode,4,1,11,968,1024,1275.5816681310534,27.353676406526436
pp,decode,4,1,12,968,1024,421.5565202757716,28.0855579105072
pp,decode,4,1,13,968,1024,1271.7475546523929,27.256390244635377
pp,decode,4,1,14,968,1024,1271.5330086648464,27.256452169848327
pp,decode,4,1,15,968,1024,1271.4213663712144,27.25650005239196
pp,decode,4,2,0,968,1024,1310.7856949791312,27.057337936083126
pp,decode,4,2,1,968,1024,411.8439871817827,27.879095837503
pp,decode,4,2,2,968,1024,1309.9735854193568,27.057153226503644
pp,decode,4,2,3,968,1024,1308.9833660051227,27.056590449119593
pp,decode,4,2,4,968,1024,421.0569718852639,27.57583312846844
pp,decode,4,2,5,968,1024,1273.2908334583044,26.747281195182545
pp,decode,4,2,6,968,1024,1272.7690329775214,26.7481912903393
pp,decode,4,2,7,968,1024,1271.7475751414895,26.747984318235638
pp,decode,4,2,8,968,1024,424.40182715654373,28.087342027775062
pp,decode,4,2,9,968,1024,1275.5633825436234,27.25572547422884
pp,decode,4,2,10,968,1024,1274.8463237658143,27.256313177919925
pp,decode,4,2,11,968,1024,1274.6317060664296,27.256524919524047
pp,decode,4,2,12,968,1024,414.70103431493044,28.04877675290448
pp,decode,4,2,13,968,1024,1270.9033833816648,27.220512404382404
pp,decode,4,2,14,968,1024,1270.2523600310087,27.22056221420843
pp,decode,4,2,15,968,1024,1270.027001388371,27.22071257865062
pp,decode,4,3,0,968,1024,423.5311960801482,27.660289939532998
pp,decode,4,3,1,968,1024,1327.6790594682097,26.83255375742563
pp,decode,4,3,2,968,1024,1326.8344579264522,26.832173770532115
pp,decode,4,3,3,968,1024,1326.9498962908983,26.8325105970425
pp,decode,4,3,4,968,1024,423.92112500965595,27.503493818238685
pp,decode,4,3,5,968,1024,1271.876529790461,26.673221388032417
pp,decode,4,3,6,968,1024,1271.5449407696724,26.67359554846994
pp,decode,4,3,7,968,1024,1271.4034635573626,26.673660656384474
pp,decode,4,3,8,968,1024,422.15679958462715,27.981075663975314
pp,decode,4,3,9,968,1024,1277.2565549239516,27.14870963427707
pp,decode,4,3,10,968,1024,1276.9422689452767,27.149020547624442
pp,decode,4,3,11,968,1024,1276.817822828889,27.149087860488414
pp,decode,4,3,12,968,1024,423.4765022993088,28.03972975796094
pp,decode,4,3,13,968,1024,1270.7085339352489,27.213281277250335
pp,decode,4,3,14,968,1024,1270.3979052603245,27.2133563657019
pp,decode,4,3,15,968,1024,1270.2840492129326,27.21342170940583
pp,intermediate,1,1,0,8136,512,2296.619293279946,17.881050248449913
pp,intermediate,1,1,1,8136,512,2272.464372217655,17.870724141058272
pp,intermediate,1,1,2,8136,512,2271.739046089351,17.868742007769484
pp,intermediate,1,1,3,8136,512,2266.555261798203,17.876802639281212
pp,intermediate,1,1,4,8136,512,2288.648843765259,17.870110337514934
pp,intermediate,1,1,5,8136,512,2273.261363618076,17.86423206271024
pp,intermediate,1,1,6,8136,512,2273.4616128727794,17.862216810059756
pp,intermediate,1,1,7,8136,512,2272.058280184865,17.88679862653731
pp,intermediate,1,1,8,8136,512,2270.195527933538,17.877651214482967
pp,intermediate,1,1,9,8136,512,2270.6924602389336,17.87940014897319
pp,intermediate,1,1,10,8136,512,2286.825624294579,17.875679569964074
pp,intermediate,1,1,11,8136,512,2277.2597493603826,17.876780896270812
pp,intermediate,1,1,12,8136,512,2276.992542669177,17.86636626584831
pp,intermediate,1,1,13,8136,512,2258.178783580661,17.876235243304833
pp,intermediate,1,1,14,8136,512,2280.173876322806,17.867169847781177
pp,intermediate,1,1,15,8136,512,2276.7411852255464,17.88784719187103
pp,intermediate,1,2,0,8136,512,2303.51594556123,17.877609004246512
pp,intermediate,1,2,1,8136,512,2281.0243098065257,17.8667021707546
pp,intermediate,1,2,2,8136,512,2276.5345834195614,17.86877530027334
pp,intermediate,1,2,3,8136,512,2272.7132234722376,17.87490569375849
pp,intermediate,1,2,4,8136,512,2295.9277303889394,17.86423537610445
pp,intermediate,1,2,5,8136,512,2276.0880067944527,17.86794575795152
pp,intermediate,1,2,6,8136,512,2282.3147969320416,17.856852585220174
pp,intermediate,1,2,7,8136,512,2278.7206592038274,17.88335526635444
pp,intermediate,1,2,8,8136,512,2272.7009803056717,17.87680942280885
pp,intermediate,1,2,9,8136,512,2280.816704966128,17.8655786275747
pp,intermediate,1,2,10,8136,512,2283.294285647571,17.866737107197714
pp,intermediate,1,2,11,8136,512,2293.6290614306927,17.8732500500875
pp,intermediate,1,2,12,8136,512,2278.8894306868315,17.859359982618496
pp,intermediate,1,2,13,8136,512,2283.88118930161,17.862929102332274
pp,intermediate,1,2,14,8136,512,2282.184710726142,17.870920325707782
pp,intermediate,1,2,15,8136,512,2255.467158742249,17.893500771891116
pp,intermediate,1,3,0,8136,512,2273.704514838755,17.8790060573653
pp,intermediate,1,3,1,8136,512,2253.592222929001,17.87412913476068
pp,intermediate,1,3,2,8136,512,2258.11115372926,17.858344378084702
pp,intermediate,1,3,3,8136,512,2252.395762130618,17.882366892526296
pp,intermediate,1,3,4,8136,512,2270.3684363514185,17.868380988137012
pp,intermediate,1,3,5,8136,512,2255.93757070601,17.87007027970893
pp,intermediate,1,3,6,8136,512,2260.615405626595,17.860485053094514
pp,intermediate,1,3,7,8136,512,2250.1130225136876,17.891180991339123
pp,intermediate,1,3,8,8136,512,2248.7034583464265,17.882028169959142
pp,intermediate,1,3,9,8136,512,2261.4568108692765,17.876682391138694
pp,intermediate,1,3,10,8136,512,2262.6167414709926,17.876500405968986
pp,intermediate,1,3,11,8136,512,2264.977930113673,17.87608134908394
pp,intermediate,1,3,12,8136,512,2280.370518565178,17.858019964350298
pp,intermediate,1,3,13,8136,512,2285.5445444583893,17.85927971026727
pp,intermediate,1,3,14,8136,512,2291.504361666739,17.859971495217657
pp,intermediate,1,3,15,8136,512,2277.88907289505,17.880648487555536
pp,intermediate,16,1,0,8136,512,2311.2269528210163,134.07949048938292
pp,intermediate,16,1,1,8136,512,8120.635014027357,131.89639913650873
pp,intermediate,16,1,2,8136,512,5203.702345490456,131.39893311766613
pp,intermediate,16,1,3,8136,512,11051.581785082817,132.35439746886667
pp,intermediate,16,1,4,8136,512,14020.333649590611,132.73371433303373
pp,intermediate,16,1,5,8136,512,17007.38359708339,133.07038277803161
pp,intermediate,16,1,6,8136,512,20011.24349050224,133.37841908649747
pp,intermediate,16,1,7,8136,512,23036.349267698824,133.63613927857168
pp,intermediate,16,1,8,8136,512,26082.824531011283,133.8535658960502
pp,intermediate,16,1,9,8136,512,35380.68120647222,134.17688128401738
pp,intermediate,16,1,10,8136,512,74059.82676427811,137.63052296374585
pp,intermediate,16,1,11,8136,512,29158.575759269297,134.0142559413224
pp,intermediate,16,1,12,8136,512,32256.54588546604,134.12002920958628
pp,intermediate,16,1,13,8136,512,38519.16979346424,134.19919782327287
pp,intermediate,16,1,14,8136,512,77227.64844726771,134.4014849575736
pp,intermediate,16,1,15,8136,512,41539.62913621217,134.4496265724447
pp,intermediate,16,1,16,8136,512,9569.420748390257,134.40813120534742
pp,intermediate,16,1,17,8136,512,11205.499007366598,134.42147718724263
pp,intermediate,16,1,18,8136,512,11195.355005562305,134.42907400553182
pp,intermediate,16,1,19,8136,512,11191.372971981764,134.43356567589154
pp,intermediate,16,1,20,8136,512,11186.336587183177,134.44349780467334
pp,intermediate,16,1,21,8136,512,11187.14617472142,134.4434315531921
pp,intermediate,16,1,22,8136,512,11177.369276992977,134.45812778696856
pp,intermediate,16,1,23,8136,512,11171.47590778768,134.47277375119657
pp,intermediate,16,1,24,8136,512,11166.036640293896,134.47355215461403
pp,intermediate,16,1,25,8136,512,11157.85700455308,134.48493705730732
pp,intermediate,16,1,26,8136,512,11158.926453441381,134.48707385028763
pp,intermediate,16,1,27,8136,512,11166.985250078142,134.4680684270545
pp,intermediate,16,1,28,8136,512,40524.709342978895,138.19163991958487
pp,intermediate,16,1,29,8136,512,40537.88432478905,134.98700291479696
pp,intermediate,16,1,30,8136,512,9561.213640496135,134.99042806406953
pp,intermediate,16,1,31,8136,512,11207.162984646857,134.98877108447005
pp,intermediate,16,1,32,8136,512,11203.586881048977,134.9978522650912
pp,intermediate,16,1,33,8136,512,11200.784114189446,135.0026975409538
pp,intermediate,16,1,34,8136,512,11194.903960451484,135.0070937079197
pp,intermediate,16,1,35,8136,512,11188.480976037681,135.0121365809073
pp,intermediate,16,1,36,8136,512,11184.905623085797,135.017336641462
pp,intermediate,16,1,37,8136,512,11174.127758480608,135.03068570346514
pp,intermediate,16,1,38,8136,512,11172.00873978436,135.02626628077311
pp,intermediate,16,1,39,8136,512,11166.964971460402,135.04687323984044
pp,intermediate,16,1,40,8136,512,11163.304707966745,135.06698893262856
pp,intermediate,16,1,41,8136,512,11169.861496426165,135.05117515914887
pp,intermediate,16,1,42,8136,512,40805.728753097355,138.02383702663877
pp,intermediate,16,1,43,8136,512,40819.7074085474,134.8194263824453
pp,intermediate,16,1,44,8136,512,9565.243273973465,134.8343311923824
pp,intermediate,16,1,45,8136,512,11211.878530681133,134.83485980998222
pp,intermediate,16,1,46,8136,512,11204.89546470344,134.84448687685563
pp,intermediate,16,1,47,8136,512,11201.328919269145,134.84657757392486
pp,intermediate,16,1,48,8136,512,11199.025408364832,134.84714012921089
pp,intermediate,16,1,49,8136,512,11190.52164722234,134.86685852999497
pp,intermediate,16,1,50,8136,512,11184.044581837952,134.87409579944878
pp,intermediate,16,1,51,8136,512,11179.590210318565,132.13972982434728
pp,intermediate,16,1,52,8136,512,11188.87573480606,126.15571456820997
pp,intermediate,16,1,53,8136,512,11185.166599228978,120.20254222067426
pp,intermediate,16,1,54,8136,512,11184.98067650944,114.24515030570984
pp,intermediate,16,1,55,8136,512,11183.63332003355,108.25110925999407
pp,intermediate,16,1,56,8136,512,40703.73066794127,85.02212466960026
pp,intermediate,16,1,57,8136,512,40717.203124426305,78.99778548613511
pp,intermediate,16,1,58,8136,512,9572.495591826737,72.97524888024697
pp,intermediate,16,1,59,8136,512,11212.594559416175,66.94742962863813
pp,intermediate,16,1,60,8136,512,11204.466450028121,60.878861043055466
pp,intermediate,16,1,61,8136,512,11207.229712046683,54.80112183343349
pp,intermediate,16,1,62,8136,512,11198.92839435488,48.709315896661195
pp,intermediate,16,1,63,8136,512,11195.793638005853,42.59597088908321
pp,intermediate,16,2,0,8136,512,8132.49740563333,132.62304923735894
pp,intermediate,16,2,1,8136,512,2331.2210207805037,134.79104236409856
pp,intermediate,16,2,2,8136,512,5224.287345074117,132.10992155680452
pp,intermediate,16,2,3,8136,512,11061.74410134554,133.08554804481113
pp,intermediate,16,2,4,8136,512,26090.616361238062,134.62133374276576
pp,intermediate,16,2,5,8136,512,17000.205411575735,133.84328143390482
pp,intermediate,16,2,6,8136,512,14016.863517463207,133.48821277772086
pp,intermediate,16,2,7,8136,512,23025.148689746857,134.42907998349278
pp,intermediate,16,2,8,8136,512,19998.33788909018,134.16519637881194
pp,intermediate,16,2,9,8136,512,29161.809883080423,134.78594496226532
pp,intermediate,16,2,10,8136,512,32263.14288843423,134.89241503295716
pp,intermediate,16,2,11,8136,512,35390.01537207514,134.9445029203789
pp,intermediate,16,2,12,8136,512,41557.35174380243,135.1986001947359
pp,intermediate,16,2,13,8136,512,74441.23302400112,137.66031185941455
pp,intermediate,16,2,14,8136,512,38534.133839420974,134.95094022201465
pp,intermediate,16,2,15,8136,512,77608.84888563305,134.43900332941058
pp,intermediate,16,2,16,8136,512,9570.024974644184,134.4435258828643
pp,intermediate,16,2,17,8136,512,11208.727623336017,134.44965686685535
pp,intermediate,16,2,18,8136,512,11203.1106678769,134.455286214263
pp,intermediate,16,2,19,8136,512,11200.186661444604,134.45527082101356
pp,intermediate,16,2,20,8136,512,11198.059607297182,134.46274078441985
pp,intermediate,16,2,21,8136,512,11196.174109354615,134.46249460360426
pp,intermediate,16,2,22,8136,512,11186.747197061777,134.4650223935041
pp,intermediate,16,2,23,8136,512,11179.283128120005,134.4774714862443
pp,intermediate,16,2,24,8136,512,11169.683287851512,134.48202468403807
pp,intermediate,16,2,25,8136,512,11159.996531903744,134.49044823610095
pp,intermediate,16,2,26,8136,512,11154.58963625133,134.49242941255147
pp,intermediate,16,2,27,8136,512,11157.537226565182,134.47127047080525
pp,intermediate,16,2,28,8136,512,40523.959109559655,138.193307974815
pp,intermediate,16,2,29,8136,512,40541.51782672852,134.98152787168374
pp,intermediate,16,2,30,8136,512,9567.414122633636,134.98271578182914
pp,intermediate,16,2,31,8136,512,11209.740264341235,134.98400915742153
pp,intermediate,16,2,32,8136,512,11207.005466334522,134.99476591857794
pp,intermediate,16,2,33,8136,512,11203.12402304262,135.00481947469152
pp,intermediate,16,2,34,8136,512,11196.751865558326,135.00160670523948
pp,intermediate,16,2,35,8136,512,11190.400467254221,135.01258686899322
pp,intermediate,16,2,36,8136,512,11183.113984763622,135.02585891554034
pp,intermediate,16,2,37,8136,512,11174.154179170728,135.03668490986826
pp,intermediate,16,2,38,8136,512,11170.864277519286,135.04379003357923
pp,intermediate,16,2,39,8136,512,11164.869696833193,135.0647614988154
pp,intermediate,16,2,40,8136,512,11157.857736572623,135.09051457463005
pp,intermediate,16,2,41,8136,512,11165.591645985842,135.08382080206667
pp,intermediate,16,2,42,8136,512,40801.062230952084,138.2553608151273
pp,intermediate,16,2,43,8136,512,40817.87583511323,135.04072972582452
pp,intermediate,16,2,44,8136,512,9567.497971467674,135.04880376947486
pp,intermediate,16,2,45,8136,512,11219.124654307961,135.035432024026
pp,intermediate,16,2,46,8136,512,11208.698728121817,135.05014145488025
pp,intermediate,16,2,47,8136,512,11205.742480233312,135.04932077743712
pp,intermediate,16,2,48,8136,512,11201.604410074651,135.04693852901576
pp,intermediate,16,2,49,8136,512,11193.523881956935,135.06128223441584
pp,intermediate,16,2,50,8136,512,11194.477551616728,135.06481960896994
pp,intermediate,16,2,51,8136,512,11186.108545400202,132.33244127672305
pp,intermediate,16,2,52,8136,512,11192.46432185173,126.35265657069515
pp,intermediate,16,2,53,8136,512,11188.294121995568,120.40164695830319
pp,intermediate,16,2,54,8136,512,11185.885081067681,114.450474023644
pp,intermediate,16,2,55,8136,512,11183.999334461987,108.45960568592915
pp,intermediate,16,2,56,8136,512,40803.48121933639,84.70253443159528
pp,intermediate,16,2,57,8136,512,40813.86540737003,78.67632575201895
pp,intermediate,16,2,58,8136,512,9571.343215182424,72.64880111182214
pp,intermediate,16,2,59,8136,512,11210.768032819033,66.62264364222958
pp,intermediate,16,2,60,8136,512,11208.219489082694,60.552356002848676
pp,intermediate,16,2,61,8136,512,11207.901526242495,54.476661904698595
pp,intermediate,16,2,62,8136,512,11202.312293462455,48.38027962011425
pp,intermediate,16,2,63,8136,512,11201.000414788723,42.264430446517444
pp,intermediate,16,3,0,8136,512,2304.890132509172,134.1634988711888
pp,intermediate,16,3,1,8136,512,5201.952117495239,131.47682200665284
pp,intermediate,16,3,2,8136,512,8116.400150582194,131.97622353433397
pp,intermediate,16,3,3,8136,512,17004.617750644684,133.1472199851257
pp,intermediate,16,3,4,8136,512,11067.431000992656,132.39338637717842
pp,intermediate,16,3,5,8136,512,14019.09292768687,132.8004967301005
pp,intermediate,16,3,6,8136,512,20008.87068081647,133.45782458782196
pp,intermediate,16,3,7,8136,512,23030.155728571117,133.72889603807093
pp,intermediate,16,3,8,8136,512,29153.1682908535,134.11958586541232
pp,intermediate,16,3,9,8136,512,26079.44853696972,133.94604020053976
pp,intermediate,16,3,10,8136,512,35383.633214980364,134.27718974278108
pp,intermediate,16,3,11,8136,512,38526.60135179758,134.29094452425517
pp,intermediate,16,3,12,8136,512,32252.79421824962,134.2281966493875
pp,intermediate,16,3,13,8136,512,41547.67905548215,134.54763434732556
pp,intermediate,16,3,14,8136,512,74095.0579661876,138.1987170033784
pp,intermediate,16,3,15,8136,512,77261.95670757443,134.9802824564701
pp,intermediate,16,3,16,8136,512,9564.28836286068,134.99750005019328
pp,intermediate,16,3,17,8136,512,11204.105314798653,135.00950354426632
pp,intermediate,16,3,18,8136,512,11198.151129297912,135.01203072725735
pp,intermediate,16,3,19,8136,512,11196.017703041434,135.016089893965
pp,intermediate,16,3,20,8136,512,11194.714319892228,135.02850373678362
pp,intermediate,16,3,21,8136,512,11196.498315781355,135.02042065146733
pp,intermediate,16,3,22,8136,512,11189.697673544288,135.02395854362535
pp,intermediate,16,3,23,8136,512,11185.224779881537,135.02716768620473
pp,intermediate,16,3,24,8136,512,11177.363596856594,135.03347695012323
pp,intermediate,16,3,25,8136,512,11167.505697347224,135.04302998140832
pp,intermediate,16,3,26,8136,512,11163.506048731506,135.04279138604198
pp,intermediate,16,3,27,8136,512,11169.487225823104,135.01789629524993
pp,intermediate,16,3,28,8136,512,40799.766852520406,138.25043868054792
pp,intermediate,16,3,29,8136,512,40816.73521082848,135.02779341468664
pp,intermediate,16,3,30,8136,512,9569.367486983538,135.03973495120405
pp,intermediate,16,3,31,8136,512,11215.03194142133,135.04323409232376
pp,intermediate,16,3,32,8136,512,11211.50719653815,135.0462959073265
pp,intermediate,16,3,33,8136,512,11203.626595437527,135.04854349488733
pp,intermediate,16,3,34,8136,512,11198.492707684636,135.0520249117173
pp,intermediate,16,3,35,8136,512,11190.683483146131,135.0599499073047
pp,intermediate,16,3,36,8136,512,11182.29312542826,135.07045925560237
pp,intermediate,16,3,37,8136,512,11179.265471175313,135.07571950766263
pp,intermediate,16,3,38,8136,512,11172.312468290329,135.0741961883443
pp,intermediate,16,3,39,8136,512,11172.351943328977,135.08168709101685
pp,intermediate,16,3,40,8136,512,11162.764926441014,135.1082910803637
pp,intermediate,16,3,41,8136,512,11168.012130074203,135.09179799181433
pp,intermediate,16,3,42,8136,512,40819.7900056839,138.12229286427308
pp,intermediate,16,3,43,8136,512,40841.67938865721,134.89749290799966
pp,intermediate,16,3,44,8136,512,9570.117678493261,134.9126329178942
pp,intermediate,16,3,45,8136,512,11216.886293143034,134.9226446319262
pp,intermediate,16,3,46,8136,512,11206.507503986359,134.93910648562962
pp,intermediate,16,3,47,8136,512,11199.852540157735,134.9434075009537
pp,intermediate,16,3,48,8136,512,11198.083364404738,134.9433325850742
pp,intermediate,16,3,49,8136,512,11195.404682308435,134.9523641012332
pp,intermediate,16,3,50,8136,512,11187.748068012297,134.96055147098468
pp,intermediate,16,3,51,8136,512,11177.878926508129,132.24043568446794
pp,intermediate,16,3,52,8136,512,11183.674501255155,126.2661397690409
pp,intermediate,16,3,53,8136,512,11178.298242390156,120.31133405302893
pp,intermediate,16,3,54,8136,512,11179.67045493424,114.35718225851042
pp,intermediate,16,3,55,8136,512,11178.444350138307,108.3804743871122
pp,intermediate,16,3,56,8136,512,40746.20604980737,84.86075136343969
pp,intermediate,16,3,57,8136,512,40761.39497291297,78.8276393564305
pp,intermediate,16,3,58,8136,512,9576.611066237092,72.79391760104964
pp,intermediate,16,3,59,8136,512,11221.752172335982,66.75977282838463
pp,intermediate,16,3,60,8136,512,11214.668344706297,60.68358931019756
pp,intermediate,16,3,61,8136,512,11213.216301053762,54.60541175747629
pp,intermediate,16,3,62,8136,512,11199.813125655055,48.51495950991277
pp,intermediate,16,3,63,8136,512,11197.368958964944,42.39520233729581
pp,intermediate,4,1,0,8136,512,5215.20790271461,41.4648914031699
pp,intermediate,4,1,1,8136,512,2317.8061926737428,47.015846905584674
pp,intermediate,4,1,2,8136,512,11025.491301901639,38.439313879276675
pp,intermediate,4,1,3,8136,512,8138.256711885333,38.40279575882009
pp,intermediate,4,1,4,8136,512,3003.6457693204284,47.124576486953316
pp,intermediate,4,1,5,8136,512,5855.711195617914,41.55404379121128
pp,intermediate,4,1,6,8136,512,7418.33258792758,38.4816206488649
pp,intermediate,4,1,7,8136,512,7408.087342977524,38.481060466537734
pp,intermediate,4,1,8,8136,512,2995.7593083381653,47.32893685283551
pp,intermediate,4,1,9,8136,512,5841.790799982846,41.75597824039641
pp,intermediate,4,1,10,8136,512,7409.351361915469,38.68900208484287
pp,intermediate,4,1,11,8136,512,7409.756639972329,38.68860257844169
pp,intermediate,4,1,12,8136,512,2989.9913482367992,47.14132259816748
pp,intermediate,4,1,13,8136,512,5840.822973288596,41.561599727902276
pp,intermediate,4,1,14,8136,512,7406.861008144915,35.93520097682387
pp,intermediate,4,1,15,8136,512,7413.646428845823,30.324094068557898
pp,intermediate,4,2,0,8136,512,2315.4449248686433,47.00044677237417
pp,intermediate,4,2,1,8136,512,5216.545550152659,41.45929860151619
pp,intermediate,4,2,2,8136,512,8130.266004242003,35.830399232922005
pp,intermediate,4,2,3,8136,512,11022.09567092359,32.78559001997375
pp,intermediate,4,2,4,8136,512,5870.712713338435,41.507963577755625
pp,intermediate,4,2,5,8136,512,2955.4723566398025,47.085219872076564
pp,intermediate,4,2,6,8136,512,8749.167119152844,38.44495765580531
pp,intermediate,4,2,7,8136,512,10289.760995656252,38.48588776295374
pp,intermediate,4,2,8,8136,512,2989.215445704758,47.63211488884139
pp,intermediate,4,2,9,8136,512,5836.551330052316,42.06063865944597
pp,intermediate,4,2,10,8136,512,7406.357412226498,38.98633935592646
pp,intermediate,4,2,11,8136,512,7405.379546806216,38.99059107858841
pp,intermediate,4,2,12,8136,512,2993.0415842682123,46.97212337565457
pp,intermediate,4,2,13,8136,512,5843.365045264363,41.390414389830866
pp,intermediate,4,2,14,8136,512,7411.583456210792,35.76392518746468
pp,intermediate,4,2,15,8136,512,7408.488845452666,30.16565017650039
pp,intermediate,4,3,0,8136,512,5191.557878628373,41.5841917436271
pp,intermediate,4,3,1,8136,512,2297.540009021759,47.12432117152179
pp,intermediate,4,3,2,8136,512,10998.783809132874,38.56128874488189
pp,intermediate,4,3,3,8136,512,8102.391836233437,38.54323416007883
pp,intermediate,4,3,4,8136,512,3013.445389457047,47.08308739306992
pp,intermediate,4,3,5,8136,512,5853.524758480489,41.52262818483807
pp,intermediate,4,3,6,8136,512,7410.289591178298,38.46301225701132
pp,intermediate,4,3,7,8136,512,7398.129764944315,38.47008683297732
pp,intermediate,4,3,8,8136,512,2988.602533005178,47.374195891292125
pp,intermediate,4,3,9,8136,512,5838.097485713661,41.800183843668194
pp,intermediate,4,3,10,8136,512,7404.320080764592,38.73530798819492
pp,intermediate,4,3,11,8136,512,7406.897127628326,38.72644240237087
pp,intermediate,4,3,12,8136,512,2990.662639029324,47.10966229817872
pp,intermediate,4,3,13,8136,512,5842.239189893007,41.53060059950718
pp,intermediate,4,3,14,8136,512,7408.945634029806,35.90530538548754
pp,intermediate,4,3,15,8136,512,7411.086746491492,30.301584838479467
pp,prefill,1,1,0,32712,128,10816.487013362348,20.263386736293945
pp,prefill,1,1,1,32712,128,10791.019883006811,20.274555948599588
pp,prefill,1,1,2,32712,128,10826.192223466933,20.271588358881434
pp,prefill,1,1,3,32712,128,10827.874103561044,20.214799696242245
pp,prefill,1,1,4,32712,128,10822.651867754757,20.256788946512177
pp,prefill,1,1,5,32712,128,10829.89004906267,20.260821551260516
pp,prefill,1,1,6,32712,128,10837.204583920538,20.272617389660653
pp,prefill,1,1,7,32712,128,10821.307216770947,20.25246799109489
pp,prefill,1,1,8,32712,128,10809.20482892543,20.277278754478832
pp,prefill,1,1,9,32712,128,10842.117944732308,20.26341623795314
pp,prefill,1,1,10,32712,128,10808.763642795384,20.269619029631297
pp,prefill,1,1,11,32712,128,10824.076268821955,20.25540355651632
pp,prefill,1,1,12,32712,128,10828.08431237936,20.258440335435193
pp,prefill,1,1,13,32712,128,10818.855586461723,20.272408890735914
pp,prefill,1,1,14,32712,128,10804.4860875234,20.256602923994457
pp,prefill,1,1,15,32712,128,10833.812929689884,20.265281354407158
pp,prefill,1,2,0,32712,128,10819.120990112424,20.259878033493447
pp,prefill,1,2,1,32712,128,10799.877436831594,20.27593030205627
pp,prefill,1,2,2,32712,128,10817.442446015775,20.276431082271216
pp,prefill,1,2,3,32712,128,10799.192897044122,20.268355305563276
pp,prefill,1,2,4,32712,128,10847.876927815378,20.26763463788849
pp,prefill,1,2,5,32712,128,10891.352530568838,20.19358488665087
pp,prefill,1,2,6,32712,128,10865.603455342352,20.266468717357306
pp,prefill,1,2,7,32712,128,10873.235501348972,20.25285281798267
pp,prefill,1,2,8,32712,128,10847.874144092202,20.272609191088694
pp,prefill,1,2,9,32712,128,10855.694067664444,20.25025725863346
pp,prefill,1,2,10,32712,128,10823.654218576849,20.269428277168217
pp,prefill,1,2,11,32712,128,10837.024291977286,20.258655639614645
pp,prefill,1,2,12,32712,128,10833.318702876568,20.270745020623753
pp,prefill,1,2,13,32712,128,10814.811625517905,20.279788324154737
pp,prefill,1,2,14,32712,128,10816.574469208717,20.275126167345704
pp,prefill,1,2,15,32712,128,10826.083867810667,20.26611284946832
pp,prefill,1,3,0,32712,128,10814.54136222601,20.259761038844978
pp,prefill,1,3,1,32712,128,10800.26927869767,20.276778362926066
pp,prefill,1,3,2,32712,128,10806.517791934311,20.270951722902577
pp,prefill,1,3,3,32712,128,10798.861878924072,20.277001697012757
pp,prefill,1,3,4,32712,128,10824.304854497313,20.273364317698743
pp,prefill,1,3,5,32712,128,10808.576066978276,20.231122774343323
pp,prefill,1,3,6,32712,128,10805.486155673862,20.276230943249907
pp,prefill,1,3,7,32712,128,10798.93112089485,20.266155690306753
pp,prefill,1,3,8,32712,128,10804.013722576201,20.274852805836932
pp,prefill,1,3,9,32712,128,10821.644657291472,20.259484135377125
pp,prefill,1,3,10,32712,128,10829.970059916377,20.275761153343623
pp,prefill,1,3,11,32712,128,10822.481735609472,20.243032366096035
pp,prefill,1,3,12,32712,128,10832.330216653645,20.27104913777723
pp,prefill,1,3,13,32712,128,10805.869241245091,20.270689647263428
pp,prefill,1,3,14,32712,128,10839.40935600549,20.276366630349102
pp,prefill,1,3,15,32712,128,10818.308979272842,20.25506551575473
pp,prefill,16,1,0,32712,128,10798.691652715206,327.30564663524
pp,prefill,16,1,1,32712,128,29245.243621058762,304.52832633878774
pp,prefill,16,1,2,32712,128,48029.90645263344,304.4603306609463
pp,prefill,16,1,3,32712,128,71170.39843276143,330.4601373649606
pp,prefill,16,1,4,32712,128,108804.27912157029,305.1105826491798
pp,prefill,16,1,5,32712,128,89959.27648898214,305.42945533286866
pp,prefill,16,1,6,32712,128,132010.97353361547,330.9289281967822
pp,prefill,16,1,7,32712,128,150819.668661803,305.56162745933835
pp,prefill,16,1,8,32712,128,192885.09383704513,330.75067653196066
pp,prefill,16,1,9,32712,128,169700.29403921217,304.90131615331086
pp,prefill,16,1,10,32712,128,230513.35624046624,304.79167580721884
pp,prefill,16,1,11,32712,128,211685.96670776606,305.22975027854517
pp,prefill,16,1,12,32712,128,253708.0809250474,330.44279225199944
pp,prefill,16,1,13,32712,128,272471.4912734926,305.28628641343494
pp,prefill,16,1,14,32712,128,314494.9367735535,330.4190853185306
pp,prefill,16,1,15,32712,128,291310.0769529119,304.7652437065647
pp,prefill,16,1,16,32712,128,280916.79106839,305.0778799829638
pp,prefill,16,1,17,32712,128,284181.745743379,304.66370660752995
pp,prefill,16,1,18,32712,128,288587.21855003387,329.9493455863374
pp,prefill,16,1,19,32712,128,280911.93211078644,304.62321136000116
pp,prefill,16,1,20,32712,128,284118.90967655927,304.28230704549026
pp,prefill,16,1,21,32712,128,288439.81037661433,330.1715597099676
pp,prefill,16,1,22,32712,128,280730.40545731783,304.88090396778085
pp,prefill,16,1,23,32712,128,283974.5847526938,304.393577653416
pp,prefill,16,1,24,32712,128,288320.3032789752,330.4743086479194
pp,prefill,16,1,25,32712,128,280626.7841234803,305.26267052224773
pp,prefill,16,1,26,32712,128,283896.48267719895,304.7372647231137
pp,prefill,16,1,27,32712,128,288315.2219792828,330.3140361947338
pp,prefill,16,1,28,32712,128,280627.5429921225,305.12655011605557
pp,prefill,16,1,29,32712,128,283891.4239509031,304.74419566971346
pp,prefill,16,1,30,32712,128,288296.57539818436,330.38708019092326
pp,prefill,16,1,31,32712,128,280631.2045175582,305.2093788732107
pp,prefill,16,1,32,32712,128,283908.6256707087,304.80957913439806
pp,prefill,16,1,33,32712,128,288325.23878104985,330.6081575950182
pp,prefill,16,1,34,32712,128,280719.42069847137,305.1586883054592
pp,prefill,16,1,35,32712,128,284004.11295425147,304.71811499299963
pp,prefill,16,1,36,32712,128,288408.1852445379,330.0960205759354
pp,prefill,16,1,37,32712,128,280775.74564609677,304.8145828005953
pp,prefill,16,1,38,32712,128,284039.72943127155,304.3400563270323
pp,prefill,16,1,39,32712,128,288409.39616039395,330.2675631909272
pp,prefill,16,1,40,32712,128,280724.32580124587,304.88992627622105
pp,prefill,16,1,41,32712,128,283984.6190037206,304.43942964106327
pp,prefill,16,1,42,32712,128,288371.6745497659,330.08713392526147
pp,prefill,16,1,43,32712,128,280705.4590852931,304.89841679947114
pp,prefill,16,1,44,32712,128,283974.7732616961,304.4454244911436
pp,prefill,16,1,45,32712,128,288328.3430254087,330.3866020777798
pp,prefill,16,1,46,32712,128,280680.4976593703,304.9055512730531
pp,prefill,16,1,47,32712,128,283920.8961138502,304.63800113648176
pp,prefill,16,1,48,32712,128,288294.99373957515,330.5721271665781
pp,prefill,16,1,49,32712,128,280627.57828086615,305.0959477215771
pp,prefill,16,1,50,32712,128,283920.1123137027,304.4972253420691
pp,prefill,16,1,51,32712,128,288294.3387553096,330.1660597808366
pp,prefill,16,1,52,32712,128,280668.37733145803,304.8070660154298
pp,prefill,16,1,53,32712,128,283917.90861450136,304.4880431248095
pp,prefill,16,1,54,32712,128,288293.1018685922,330.66511000909907
pp,prefill,16,1,55,32712,128,280650.517991744,305.2520271845338
pp,prefill,16,1,56,32712,128,283917.7352450788,304.88716425946143
pp,prefill,16,1,57,32712,128,288348.84255658835,330.3572198845387
pp,prefill,16,1,58,32712,128,280717.25755464286,305.03910153693573
pp,prefill,16,1,59,32712,128,283992.0982904732,304.5642848427253
pp,prefill,16,1,60,32712,128,288369.3061452359,330.2376362693122
pp,prefill,16,1,61,32712,128,280718.32276601344,304.87965158824846
pp,prefill,16,1,62,32712,128,283999.2324439809,183.61613818803642
pp,prefill,16,1,63,32712,128,288356.39235936105,20.708493697713678
pp,prefill,16,2,0,32712,128,48075.67825168371,305.07916029484016
pp,prefill,16,2,1,32712,128,10848.913106136024,327.6850660734876
pp,prefill,16,2,2,32712,128,29279.181140474975,305.1868738298576
pp,prefill,16,2,3,32712,128,108907.55950845778,304.6666899783991
pp,prefill,16,2,4,32712,128,71295.5410880968,330.37097590029475
pp,prefill,16,2,5,32712,128,90076.61733590066,305.09027522643953
pp,prefill,16,2,6,32712,128,132078.56047526002,330.3834168225761
pp,prefill,16,2,7,32712,128,150858.5006184876,305.22123973552635
pp,prefill,16,2,8,32712,128,169698.9566264674,304.8280216020158
pp,prefill,16,2,9,32712,128,192883.18523671478,330.58438112035276
pp,prefill,16,2,10,32712,128,211666.17593728006,305.27543450346377
pp,prefill,16,2,11,32712,128,253698.53235874325,330.2936994756653
pp,prefill,16,2,12,32712,128,230502.87101138383,304.7657025992636
pp,prefill,16,2,13,32712,128,272464.68194108456,305.10844970048646
pp,prefill,16,2,14,32712,128,291305.583326146,304.6163912554543
pp,prefill,16,2,15,32712,128,314469.48330290616,330.2818096690173
pp,prefill,16,2,16,32712,128,280797.00838122517,304.9169181897415
pp,prefill,16,2,17,32712,128,284042.325030081,304.43841047350344
pp,prefill,16,2,18,32712,128,288424.9659711495,329.9279007620699
pp,prefill,16,2,19,32712,128,280743.67962870747,304.7254802292492
pp,prefill,16,2,20,32712,128,283992.39533394575,304.4624715515478
pp,prefill,16,2,21,32712,128,288357.6485235244,330.5865254722477
pp,prefill,16,2,22,32712,128,280708.21661595255,305.241044618072
pp,prefill,16,2,23,32712,128,283955.52883856,304.77011277098353
pp,prefill,16,2,24,32712,128,288359.04353298247,330.1923684409167
pp,prefill,16,2,25,32712,128,280670.1648561284,305.0118408158539
pp,prefill,16,2,26,32712,128,283937.2724099085,304.4818291059277
pp,prefill,16,2,27,32712,128,288316.3966620341,330.1498199937733
pp,prefill,16,2,28,32712,128,280652.7022700757,305.07990877019375
pp,prefill,16,2,29,32712,128,283919.04673632234,304.5732590157216
pp,prefill,16,2,30,32712,128,288314.25617448986,330.36008093682096
pp,prefill,16,2,31,32712,128,280650.3900028765,305.3270422626199
pp,prefill,16,2,32,32712,128,283917.83037688583,304.9497677775936
pp,prefill,16,2,33,32712,128,288369.11334097385,330.5255529712739
pp,prefill,16,2,34,32712,128,280738.8930879533,305.40322403122826
pp,prefill,16,2,35,32712,128,284033.5655035451,305.34272144482594
pp,prefill,16,2,36,32712,128,288464.774758555,331.06229618543716
pp,prefill,16,2,37,32712,128,280836.3433191553,305.62237292293486
pp,prefill,16,2,38,32712,128,284155.72058130056,304.830797911277
pp,prefill,16,2,39,32712,128,288568.64812318236,330.5439991495154
pp,prefill,16,2,40,32712,128,280936.64355017245,305.1050863720066
pp,prefill,16,2,41,32712,128,284210.43412946165,304.5336388960833
pp,prefill,16,2,42,32712,128,288599.4631834328,330.04514607564204
pp,prefill,16,2,43,32712,128,280962.56227139384,304.8565809974286
pp,prefill,16,2,44,32712,128,284191.1128843203,304.5321107130703
pp,prefill,16,2,45,32712,128,288571.73781469464,330.7331466431341
pp,prefill,16,2,46,32712,128,280909.24960095435,305.3577137583001
pp,prefill,16,2,47,32712,128,284156.462199986,304.97572829169553
pp,prefill,16,2,48,32712,128,288585.2179694921,330.466492805542
pp,prefill,16,2,49,32712,128,280907.6186362654,305.30168036160273
pp,prefill,16,2,50,32712,128,284143.68666149676,304.9861917668206
pp,prefill,16,2,51,32712,128,288524.08581320196,330.2884885058628
pp,prefill,16,2,52,32712,128,280817.9174028337,304.9880872502571
pp,prefill,16,2,53,32712,128,284064.744560048,304.5061265419083
pp,prefill,16,2,54,32712,128,288423.8790888339,330.55003909907475
pp,prefill,16,2,55,32712,128,280753.71543411165,305.2494114440844
pp,prefill,16,2,56,32712,128,283966.6779851541,304.9170446736137
pp,prefill,16,2,57,32712,128,288448.14687687904,330.59129572114136
pp,prefill,16,2,58,32712,128,280836.5554716438,305.122228031318
pp,prefill,16,2,59,32712,128,284122.8580866009,304.54258412474724
pp,prefill,16,2,60,32712,128,288498.6732713878,330.24679452884857
pp,prefill,16,2,61,32712,128,280803.91665082425,305.0087889671091
pp,prefill,16,2,62,32712,128,284087.62387465686,183.63127260520233
pp,prefill,16,2,63,32712,128,288459.94912832975,20.675959278220738
pp,prefill,16,3,0,32712,128,10843.124358914793,327.91493923263994
pp,prefill,16,3,1,32712,128,29290.322723798454,305.1995133878443
pp,prefill,16,3,2,32712,128,71297.2199935466,330.1561176190226
pp,prefill,16,3,3,32712,128,108887.6776592806,304.4873472141821
pp,prefill,16,3,4,32712,128,48091.273185797036,304.9040199660762
pp,prefill,16,3,5,32712,128,169646.37331292033,304.50700521175787
pp,prefill,16,3,6,32712,128,90064.84676711261,304.8548212084245
pp,prefill,16,3,7,32712,128,132038.70157059282,330.1443319665048
pp,prefill,16,3,8,32712,128,150808.36599040776,304.8504025081363
pp,prefill,16,3,9,32712,128,192780.6943282485,330.419040849711
pp,prefill,16,3,10,32712,128,211568.05901322514,305.1145865882593
pp,prefill,16,3,11,32712,128,230406.95016179234,304.6176335517698
pp,prefill,16,3,12,32712,128,253574.72751289606,330.28985466074755
pp,prefill,16,3,13,32712,128,272343.3716315776,305.11187775955193
pp,prefill,16,3,14,32712,128,291173.61493688077,304.72262673754625
pp,prefill,16,3,15,32712,128,314348.9580815658,330.68323791701727
pp,prefill,16,3,16,32712,128,280646.7555379495,305.3090530630993
pp,prefill,16,3,17,32712,128,283914.17640447617,304.89407545028945
pp,prefill,16,3,18,32712,128,288356.8992642686,330.1677425487304
pp,prefill,16,3,19,32712,128,280716.2389457226,304.845068779752
pp,prefill,16,3,20,32712,128,283989.40436914563,304.44321653065015
pp,prefill,16,3,21,32712,128,288355.1304442808,330.52030560655857
pp,prefill,16,3,22,32712,128,280734.620610252,305.1796492306501
pp,prefill,16,3,23,32712,128,284017.92863570154,304.6954874623948
pp,prefill,16,3,24,32712,128,288405.36711737514,330.2320170648924
pp,prefill,16,3,25,32712,128,280752.40643974394,304.9943620691032
pp,prefill,16,3,26,32712,128,284020.4988559708,304.5377869628311
pp,prefill,16,3,27,32712,128,288388.097807765,330.58834641321204
pp,prefill,16,3,28,32712,128,280746.05970829725,305.2475349537618
pp,prefill,16,3,29,32712,128,284024.4553619996,304.74299537091275
pp,prefill,16,3,30,32712,128,288416.1498825997,330.548128773143
pp,prefill,16,3,31,32712,128,280726.91143490374,305.20159803976225
pp,prefill,16,3,32,32712,128,283995.2759863809,304.7817249921715
pp,prefill,16,3,33,32712,128,288418.66027377546,330.2945006330769
pp,prefill,16,3,34,32712,128,280780.33348638564,304.88946852017574
pp,prefill,16,3,35,32712,128,284052.3237474263,304.4409242304643
pp,prefill,16,3,36,32712,128,288419.98064890504,330.18300155779036
pp,prefill,16,3,37,32712,128,280744.87614352256,304.92790230351875
pp,prefill,16,3,38,32712,128,284006.4821364358,304.3918754450801
pp,prefill,16,3,39,32712,128,288374.9764356762,330.06100745241
pp,prefill,16,3,40,32712,128,280722.83038310707,304.7187892998767
pp,prefill,16,3,41,32712,128,283976.1710157618,304.3093045542794
pp,prefill,16,3,42,32712,128,288326.5556823462,330.03191825911756
pp,prefill,16,3,43,32712,128,280644.57125309855,304.78664597599055
pp,prefill,16,3,44,32712,128,283903.5860002041,304.3397941193947
pp,prefill,16,3,45,32712,128,288250.08589588106,330.3120740594005
pp,prefill,16,3,46,32712,128,280569.5703662932,304.9531067230218
pp,prefill,16,3,47,32712,128,283830.91057185084,304.68435311968636
pp,prefill,16,3,48,32712,128,288230.1296880469,330.3209717979464
pp,prefill,16,3,49,32712,128,280577.8876654804,304.93021653011795
pp,prefill,16,3,50,32712,128,283852.1342650056,304.507931122395
pp,prefill,16,3,51,32712,128,288236.96547560394,330.1971233046548
pp,prefill,16,3,52,32712,128,280564.4331406802,304.89861412985823
pp,prefill,16,3,53,32712,128,283844.77404132485,304.7997727696821
pp,prefill,16,3,54,32712,128,288238.15594334155,330.5573893388308
pp,prefill,16,3,55,32712,128,280635.7661113143,304.91679050321653
pp,prefill,16,3,56,32712,128,283910.31932178885,304.67692895345095
pp,prefill,16,3,57,32712,128,288299.05199538916,330.6009119787202
pp,prefill,16,3,58,32712,128,280694.532642141,305.08991940255004
pp,prefill,16,3,59,32712,128,283986.48565169424,304.3891768389213
pp,prefill,16,3,60,32712,128,288358.25611650944,330.19330195613264
pp,prefill,16,3,61,32712,128,280701.56847313046,304.78216126179836
pp,prefill,16,3,62,32712,128,283978.94642781466,183.52513614396645
pp,prefill,16,3,63,32712,128,288327.0060075447,20.716462863653195
pp,prefill,4,1,0,32712,128,29266.605394892395,304.84208075226996
pp,prefill,4,1,1,32712,128,10819.455752149224,327.50829691287333
pp,prefill,4,1,2,32712,128,48069.405037909746,304.61457278579473
pp,prefill,4,1,3,32712,128,71231.33018799126,330.5049130957075
pp,prefill,4,1,4,32712,128,37598.421240225434,305.20106679723256
pp,prefill,4,1,5,32712,128,40876.95776671171,304.6339297461815
pp,prefill,4,1,6,32712,128,45271.928104572,330.2792594291446
pp,prefill,4,1,7,32712,128,37598.69067184627,305.0096679669548
pp,prefill,4,1,8,32712,128,40863.768748007715,304.55998442773745
pp,prefill,4,1,9,32712,128,45254.40067332238,330.47303261866017
pp,prefill,4,1,10,32712,128,37599.27342645824,305.14171043425563
pp,prefill,4,1,11,32712,128,40875.28723757714,304.58388891892406
pp,prefill,4,1,12,32712,128,45266.95860736072,330.26273280939483
pp,prefill,4,1,13,32712,128,37584.30875930935,305.0513024713228
pp,prefill,4,1,14,32712,128,40859.07200910151,183.78316779716278
pp,prefill,4,1,15,32712,128,45255.24214003235,20.67883515099841
pp,prefill,4,2,0,32712,128,10836.156880483031,327.4939472486419
pp,prefill,4,2,1,32712,128,29289.83364533633,304.83180212634284
pp,prefill,4,2,2,32712,128,48095.975298434496,304.6426577273551
pp,prefill,4,2,3,32712,128,71255.0998358056,330.4477090705333
pp,prefill,4,2,4,32712,128,37619.99319307506,305.1189989232876
pp,prefill,4,2,5,32712,128,40885.27791202068,304.59489711508974
pp,prefill,4,2,6,32712,128,45264.85745050013,330.3291311223559
pp,prefill,4,2,7,32712,128,37605.72109837085,305.15414557793713
pp,prefill,4,2,8,32712,128,40861.12512182444,304.90981854175726
pp,prefill,4,2,9,32712,128,45271.44030760974,330.7280396807968
pp,prefill,4,2,10,32712,128,37638.24768085033,305.3854359387178
pp,prefill,4,2,11,32712,128,40899.29916989058,305.0034791451153
pp,prefill,4,2,12,32712,128,45284.29248929024,330.60495098539457
pp,prefill,4,2,13,32712,128,37626.114514656365,305.24257965033917
pp,prefill,4,2,14,32712,128,40891.62261784077,183.88276295663098
pp,prefill,4,2,15,32712,128,45281.1819082126,20.68290696662711
pp,prefill,4,3,0,32712,128,10834.557817317545,327.6033665486208
pp,prefill,4,3,1,32712,128,48087.49809674919,304.78966037383464
pp,prefill,4,3,2,32712,128,29279.30097281933,304.94801006389883
pp,prefill,4,3,3,32712,128,71255.58489654213,330.4625594416472
pp,prefill,4,3,4,32712,128,37613.29243145883,305.02865106366045
pp,prefill,4,3,5,32712,128,40880.82654681057,304.56281941765405
pp,prefill,4,3,6,32712,128,45239.741704426706,330.41357108223156
pp,prefill,4,3,7,32712,128,37606.07196390629,305.098604476886
pp,prefill,4,3,8,32712,128,40876.953390426934,304.6919908374548
pp,prefill,4,3,9,32712,128,45270.032667554915,330.7822660183695
pp,prefill,4,3,10,32712,128,37617.87601746619,305.44331619941346
pp,prefill,4,3,11,32712,128,40903.69941666722,304.8387157078099
pp,prefill,4,3,12,32712,128,45304.76528592408,330.4056950412163
pp,prefill,4,3,13,32712,128,37600.50268750638,305.1150719466524
pp,prefill,4,3,14,32712,128,40851.258585229516,183.93074453434372
pp,prefill,4,3,15,32712,128,45256.1141140759,20.709878838379083
ep,decode,1,1,0,968,1024,275.6550731137395,15.77004459654714
ep,decode,1,1,1,968,1024,238.89161366969347,15.761180488594816
ep,decode,1,1,2,968,1024,237.0151625946164,15.749103465242237
ep,decode,1,1,3,968,1024,239.04273007065058,15.76665997457848
ep,decode,1,1,4,968,1024,240.7391183078289,15.76452292975326
ep,decode,1,1,5,968,1024,237.9906941205263,15.755044196241645
ep,decode,1,1,6,968,1024,235.23651994764805,15.763147543835384
ep,decode,1,1,7,968,1024,237.44791373610497,15.752392617087969
ep,decode,1,1,8,968,1024,236.85739561915398,15.754195802343439
ep,decode,1,1,9,968,1024,238.61419688910246,15.762602335947292
ep,decode,1,1,10,968,1024,241.97288881987333,15.763217010667306
ep,decode,1,1,11,968,1024,238.33672143518925,15.754457109790744
ep,decode,1,1,12,968,1024,242.62016639113426,15.76292233674524
ep,decode,1,1,13,968,1024,243.03003400564194,15.767709875546709
ep,decode,1,1,14,968,1024,241.20250716805458,15.770654013801005
ep,decode,1,1,15,968,1024,240.17148092389107,15.762782316993583
ep,decode,1,2,0,968,1024,281.18714690208435,15.76523573837905
ep,decode,1,2,1,968,1024,238.61669190227985,15.76247826885006
ep,decode,1,2,2,968,1024,234.61251612752676,15.75813245916792
ep,decode,1,2,3,968,1024,238.4136263281107,15.761883603454452
ep,decode,1,2,4,968,1024,238.9242947101593,15.764817711100608
ep,decode,1,2,5,968,1024,237.57906444370747,15.754674433868011
ep,decode,1,2,6,968,1024,234.5654759556055,15.760890879137541
ep,decode,1,2,7,968,1024,235.6129540130496,15.75705633277505
ep,decode,1,2,8,968,1024,237.68933210521936,15.800244711113699
ep,decode,1,2,9,968,1024,235.59040948748589,15.754317538858276
ep,decode,1,2,10,968,1024,239.05531410127878,15.76224030000053
ep,decode,1,2,11,968,1024,232.101040892303,15.755856774732806
ep,decode,1,2,12,968,1024,236.65582109242678,15.762553847088084
ep,decode,1,2,13,968,1024,237.6341987401247,15.761771924859268
ep,decode,1,2,14,968,1024,237.85940557718277,15.775818589852644
ep,decode,1,2,15,968,1024,238.3934073150158,15.773834904632144
ep,decode,1,3,0,968,1024,277.4327052757144,15.771238180651226
ep,decode,1,3,1,968,1024,235.38255598396063,15.760891073959664
ep,decode,1,3,2,968,1024,233.59306063503027,15.753776092675832
ep,decode,1,3,3,968,1024,234.6426323056221,15.765421722495777
ep,decode,1,3,4,968,1024,238.0353482440114,15.766838662879849
ep,decode,1,3,5,968,1024,236.87862511724234,15.779770359047347
ep,decode,1,3,6,968,1024,239.64068479835987,15.767966882341186
ep,decode,1,3,7,968,1024,239.1747897490859,15.759503614532516
ep,decode,1,3,8,968,1024,237.83573973923922,15.76024261580913
ep,decode,1,3,9,968,1024,238.37835714221,15.76592983406689
ep,decode,1,3,10,968,1024,238.71681932359934,15.761900205212488
ep,decode,1,3,11,968,1024,232.78179205954075,15.760039598412469
ep,decode,1,3,12,968,1024,242.26120300590992,15.761946266078239
ep,decode,1,3,13,968,1024,239.0287211164832,15.775129416609731
ep,decode,1,3,14,968,1024,242.58033744990826,15.775180382623118
ep,decode,1,3,15,968,1024,238.0558056756854,15.763801044601498
ep,decode,16,1,0,968,1024,297.0711924135685,33.77968190148662
ep,decode,16,1,1,968,1024,1042.2083074226975,33.11663631892391
ep,decode,16,1,2,968,1024,1041.8046321719885,33.11761793746947
ep,decode,16,1,3,968,1024,1041.1851964890957,33.11752887462737
ep,decode,16,1,4,968,1024,1041.0450818017125,33.11740728377393
ep,decode,16,1,5,968,1024,1776.1159092187881,32.63308992654901
ep,decode,16,1,6,968,1024,1776.2678489089012,32.634014631544154
ep,decode,16,1,7,968,1024,2504.2129112407565,31.945989534572014
ep,decode,16,1,8,968,1024,1775.1342486590147,32.634197314609416
ep,decode,16,1,9,968,1024,1774.8774904757738,32.633969511104816
ep,decode,16,1,10,968,1024,2502.380103804171,31.94583453718693
ep,decode,16,1,11,968,1024,2502.3756166920066,31.947053027569606
ep,decode,16,1,12,968,1024,2502.7367509901524,31.94593456195975
ep,decode,16,1,13,968,1024,2950.04372112453,32.201946474509796
ep,decode,16,1,14,968,1024,2949.7733982279897,32.20163375040915
ep,decode,16,1,15,968,1024,2949.8626980930567,32.201929609650854
ep,decode,16,1,16,968,1024,308.44267550855875,33.75134218069028
ep,decode,16,1,17,968,1024,975.4595998674631,33.10126157337299
ep,decode,16,1,18,968,1024,975.12895334512,33.10154535728466
ep,decode,16,1,19,968,1024,975.715366192162,33.10098067901934
ep,decode,16,1,20,968,1024,975.6178995594382,33.101071114720135
ep,decode,16,1,21,968,1024,1119.0287610515952,32.966116885722904
ep,decode,16,1,22,968,1024,1118.3785079047084,32.96702084853473
ep,decode,16,1,23,968,1024,1860.3425128385425,32.2733369418297
ep,decode,16,1,24,968,1024,1860.1339673623443,32.273179839637386
ep,decode,16,1,25,968,1024,1835.6999782845378,32.272374246520734
ep,decode,16,1,26,968,1024,1835.3104684501886,32.27324578237382
ep,decode,16,1,27,968,1024,2574.402214959264,32.25112017444385
ep,decode,16,1,28,968,1024,2573.8570112735033,32.25149364025857
ep,decode,16,1,29,968,1024,1865.0788078084588,32.25012042014364
ep,decode,16,1,30,968,1024,1865.17190374434,32.25049635218793
ep,decode,16,1,31,968,1024,2024.7062286362052,32.47970621031459
ep,decode,16,1,32,968,1024,315.42528979480267,33.60572198127284
ep,decode,16,1,33,968,1024,994.5864723995328,32.939463942143284
ep,decode,16,1,34,968,1024,994.2199680954218,32.93952352584923
ep,decode,16,1,35,968,1024,994.8844984173775,32.93896992422298
ep,decode,16,1,36,968,1024,994.6760619059205,32.938890183710456
ep,decode,16,1,37,968,1024,1142.2660294920206,32.790331585097874
ep,decode,16,1,38,968,1024,1141.6659532114863,32.79109898397475
ep,decode,16,1,39,968,1024,1817.5148209556937,32.13159306901612
ep,decode,16,1,40,968,1024,1815.9078527241945,32.13081477830807
ep,decode,16,1,41,968,1024,1816.1288518458605,32.131652615396334
ep,decode,16,1,42,968,1024,1814.937261864543,32.13174180660255
ep,decode,16,1,43,968,1024,1804.8154413700104,32.13290713603662
ep,decode,16,1,44,968,1024,1804.8755647614598,32.13310949431545
ep,decode,16,1,45,968,1024,1804.5799853280187,32.13363716001909
ep,decode,16,1,46,968,1024,1804.0596982464194,32.13406899599823
ep,decode,16,1,47,968,1024,1641.9936986640096,32.290212531462096
ep,decode,16,1,48,968,1024,304.96860574930906,34.484325337313834
ep,decode,16,1,49,968,1024,980.195002630353,33.82826387292304
ep,decode,16,1,50,968,1024,979.7551883384585,33.82816666032562
ep,decode,16,1,51,968,1024,980.302145704627,33.82761332362104
ep,decode,16,1,52,968,1024,980.184443295002,33.82769807852725
ep,decode,16,1,53,968,1024,1130.3312117233872,33.47764407919095
ep,decode,16,1,54,968,1024,1129.7774612903595,33.47777295584553
ep,decode,16,1,55,968,1024,1801.9685605540872,32.82255206970846
ep,decode,16,1,56,968,1024,1801.14318523556,32.822712756081586
ep,decode,16,1,57,968,1024,1800.9961061179638,32.82278566962638
ep,decode,16,1,58,968,1024,1799.782745540142,32.822670005371144
ep,decode,16,1,59,968,1024,1804.2638348415494,32.15370411262688
ep,decode,16,1,60,968,1024,1804.3323960155249,32.15368505374311
ep,decode,16,1,61,968,1024,1804.0106752887368,32.15361527191841
ep,decode,16,1,62,968,1024,1803.4122390672565,32.15411156124617
ep,decode,16,1,63,968,1024,1643.2956391945481,31.941738244572168
ep,decode,16,2,0,968,1024,1052.6118632405996,33.33255781437965
ep,decode,16,2,1,968,1024,304.8916086554527,33.99608129196648
ep,decode,16,2,2,968,1024,1051.5674725174904,33.33233198094548
ep,decode,16,2,3,968,1024,1784.0542392805219,32.851723838462796
ep,decode,16,2,4,968,1024,1051.045992411673,33.33349935601184
ep,decode,16,2,5,968,1024,1783.3467572927475,32.852802110630165
ep,decode,16,2,6,968,1024,1049.983718432486,33.33182320479424
ep,decode,16,2,7,968,1024,1782.6574193313718,32.85290552294091
ep,decode,16,2,8,968,1024,1781.5866591408849,32.85245892782045
ep,decode,16,2,9,968,1024,2512.6429917290807,32.16242650296186
ep,decode,16,2,10,968,1024,2512.4932378530502,32.162065819845346
ep,decode,16,2,11,968,1024,2512.4759757891297,32.16256584902954
ep,decode,16,2,12,968,1024,2512.6340249553323,32.162476382887434
ep,decode,16,2,13,968,1024,2958.6262721568346,32.419405479752484
ep,decode,16,2,14,968,1024,2958.338415250182,32.41950724791018
ep,decode,16,2,15,968,1024,2957.5742157176137,32.41902442588921
ep,decode,16,2,16,968,1024,307.23013542592525,33.83802814374542
ep,decode,16,2,17,968,1024,976.6708975657821,33.18392374495432
ep,decode,16,2,18,968,1024,976.9476531073451,33.18311913960403
ep,decode,16,2,19,968,1024,976.1029006913304,33.18409002381482
ep,decode,16,2,20,968,1024,975.9422857314348,33.184579574482065
ep,decode,16,2,21,968,1024,1119.6779124438763,33.04883322513727
ep,decode,16,2,22,968,1024,1119.0711306408048,33.049493334379015
ep,decode,16,2,23,968,1024,1860.4386541992426,32.35850122029859
ep,decode,16,2,24,968,1024,1860.087988898158,32.35683295300425
ep,decode,16,2,25,968,1024,1836.1729038879275,32.3562099227822
ep,decode,16,2,26,968,1024,1835.6467364355922,32.3562961962085
ep,decode,16,2,27,968,1024,2575.3356060013175,32.33388454297363
ep,decode,16,2,28,968,1024,2575.271354056895,32.334594364630334
ep,decode,16,2,29,968,1024,1865.0187831372023,32.33339930206304
ep,decode,16,2,30,968,1024,1864.8327412083745,32.33420061637608
ep,decode,16,2,31,968,1024,2024.4699707254767,32.563555344779004
ep,decode,16,2,32,968,1024,307.764939032495,33.90985989682777
ep,decode,16,2,33,968,1024,996.3625324890018,33.24397546917433
ep,decode,16,2,34,968,1024,996.3012151420116,33.24374043904354
ep,decode,16,2,35,968,1024,995.8894941955805,33.24440408148462
ep,decode,16,2,36,968,1024,994.5408450439572,33.24488541502815
ep,decode,16,2,37,968,1024,1143.8515083864331,33.09739506980978
ep,decode,16,2,38,968,1024,1143.3260906487703,33.097814409861584
ep,decode,16,2,39,968,1024,1815.700369887054,32.43960596926925
ep,decode,16,2,40,968,1024,1815.3334530070424,32.440654594789855
ep,decode,16,2,41,968,1024,1815.32964669168,32.44015790671401
ep,decode,16,2,42,968,1024,1813.5558608919382,32.440680000869115
ep,decode,16,2,43,968,1024,1803.9831118658185,32.44248212916906
ep,decode,16,2,44,968,1024,1803.1782358884811,32.44356723831837
ep,decode,16,2,45,968,1024,1803.6154955625534,32.443291464873305
ep,decode,16,2,46,968,1024,1803.0898189172149,32.443240997750216
ep,decode,16,2,47,968,1024,1640.7637065276504,32.598795466678524
ep,decode,16,2,48,968,1024,309.10210590809584,34.29220889113253
ep,decode,16,2,49,968,1024,984.3741403892636,33.635663538661404
ep,decode,16,2,50,968,1024,986.0019171610475,33.633664702834565
ep,decode,16,2,51,968,1024,983.5538351908326,33.636200842597795
ep,decode,16,2,52,968,1024,983.4555266425014,33.636426295491546
ep,decode,16,2,53,968,1024,1130.4384246468544,33.28581155438926
ep,decode,16,2,54,968,1024,1130.349756218493,33.28600039802135
ep,decode,16,2,55,968,1024,1802.6733975857496,32.63087598069818
ep,decode,16,2,56,968,1024,1801.9831497222185,32.63091852566189
ep,decode,16,2,57,968,1024,1801.4345886185765,32.631396851297524
ep,decode,16,2,58,968,1024,1801.378382369876,32.631578074107246
ep,decode,16,2,59,968,1024,1804.9285160377622,31.96121080398909
ep,decode,16,2,60,968,1024,1803.719432093203,31.961412123520063
ep,decode,16,2,61,968,1024,1804.0854055434465,31.961026416685456
ep,decode,16,2,62,968,1024,1803.8737149909139,31.961025181294712
ep,decode,16,2,63,968,1024,1642.31598097831,31.751187025721414
ep,decode,16,3,0,968,1024,293.6512166634202,33.89660620248038
ep,decode,16,3,1,968,1024,1038.136413320899,33.2361584017645
ep,decode,16,3,2,968,1024,1037.2270895168185,33.235302868636936
ep,decode,16,3,3,968,1024,1036.8275605142117,33.23610867933532
ep,decode,16,3,4,968,1024,1036.661515943706,33.23605637141628
ep,decode,16,3,5,968,1024,1770.6505926325917,32.75383710824791
ep,decode,16,3,6,968,1024,1769.8335628956556,32.75454981855225
ep,decode,16,3,7,968,1024,1768.3794852346182,32.7529518601948
ep,decode,16,3,8,968,1024,1768.4540273621678,32.75389241315024
ep,decode,16,3,9,968,1024,2498.845580033958,32.06397442899113
ep,decode,16,3,10,968,1024,2498.7411806359887,32.063587741673224
ep,decode,16,3,11,968,1024,2499.074684455991,32.06383501464467
ep,decode,16,3,12,968,1024,2498.123459517956,32.063792754631066
ep,decode,16,3,13,968,1024,2943.6901099979877,32.3217958931102
ep,decode,16,3,14,968,1024,2943.283817730844,32.32159648447471
ep,decode,16,3,15,968,1024,2943.3669662103057,32.3218852418128
ep,decode,16,3,16,968,1024,304.63846772909164,33.97036217451678
ep,decode,16,3,17,968,1024,975.3288729116321,33.32021889638225
ep,decode,16,3,18,968,1024,976.0364638641477,33.31951796644361
ep,decode,16,3,19,968,1024,975.945352576673,33.319563116015225
ep,decode,16,3,20,968,1024,975.8521346375346,33.31961509164419
ep,decode,16,3,21,968,1024,1278.313553892076,33.03055687628155
ep,decode,16,3,22,968,1024,1277.5561176240444,33.0311909421754
ep,decode,16,3,23,968,1024,2020.201194100082,32.33469807190542
ep,decode,16,3,24,968,1024,1277.1376017481089,33.0316185958516
ep,decode,16,3,25,968,1024,1996.012369170785,32.33438952919733
ep,decode,16,3,26,968,1024,1995.4991657286882,32.33480028979269
ep,decode,16,3,27,968,1024,2669.297725893557,32.37646776556473
ep,decode,16,3,28,968,1024,1995.526977814734,32.334625588061755
ep,decode,16,3,29,968,1024,1958.549433387816,32.376298283974215
ep,decode,16,3,30,968,1024,1958.297605626285,32.37563349353923
ep,decode,16,3,31,968,1024,1958.5091779008508,32.376796433215965
ep,decode,16,3,32,968,1024,312.5672386959195,33.36296213712481
ep,decode,16,3,33,968,1024,993.2899130508304,32.69774450730252
ep,decode,16,3,34,968,1024,992.8660281002522,32.69776737614228
ep,decode,16,3,35,968,1024,992.77572799474,32.69846123330958
ep,decode,16,3,36,968,1024,992.6125481724739,32.69840526200634
ep,decode,16,3,37,968,1024,1293.3695232495666,32.3991809196894
ep,decode,16,3,38,968,1024,1292.7153930068016,32.399891347661686
ep,decode,16,3,39,968,1024,1292.4230685457587,32.400361417027106
ep,decode,16,3,40,968,1024,1972.9812508448958,31.73581282731113
ep,decode,16,3,41,968,1024,1972.4257169291377,31.735904370038565
ep,decode,16,3,42,968,1024,1972.6085038855672,31.73570650723469
ep,decode,16,3,43,968,1024,1971.3816856965423,31.736460087396647
ep,decode,16,3,44,968,1024,1962.0646219700575,31.735550787004907
ep,decode,16,3,45,968,1024,1961.327563971281,31.736351346609823
ep,decode,16,3,46,968,1024,1961.1380752176046,31.73699905551453
ep,decode,16,3,47,968,1024,1960.6748772785068,31.73650803821906
ep,decode,16,3,48,968,1024,302.45837289839983,34.571423704207
ep,decode,16,3,49,968,1024,977.7465984225273,33.91714550587526
ep,decode,16,3,50,968,1024,977.7924763038754,33.91716379093285
ep,decode,16,3,51,968,1024,977.3215223103762,33.91744793717725
ep,decode,16,3,52,968,1024,977.6853024959564,33.917006738811644
ep,decode,16,3,53,968,1024,1277.278359979391,33.42056859699775
ep,decode,16,3,54,968,1024,1276.7043812200427,33.42086144013809
ep,decode,16,3,55,968,1024,1276.1785238981247,33.42085740440694
ep,decode,16,3,56,968,1024,1948.8571090623736,32.75969991039845
ep,decode,16,3,57,968,1024,1948.6849214881659,32.759943138534894
ep,decode,16,3,58,968,1024,1948.8460374996066,32.759716501231885
ep,decode,16,3,59,968,1024,1948.6364899203181,32.75979215867329
ep,decode,16,3,60,968,1024,1957.5543962419033,32.08240523628476
ep,decode,16,3,61,968,1024,1956.7510727792978,32.08251500398445
ep,decode,16,3,62,968,1024,1956.6107569262385,32.08185049940997
ep,decode,16,3,63,968,1024,1956.646604463458,32.08196623194398
ep,decode,4,1,0,968,1024,283.6678484454751,20.67745333484657
ep,decode,4,1,1,968,1024,843.7953321263194,20.17057319613263
ep,decode,4,1,2,968,1024,843.1620206683874,20.170983211123698
ep,decode,4,1,3,968,1024,843.175245448947,20.170990262956213
ep,decode,4,1,4,968,1024,263.10559269040823,20.525434163680348
ep,decode,4,1,5,968,1024,783.7319457903504,20.017874053882423
ep,decode,4,1,6,968,1024,783.4003968164325,20.01818488711602
ep,decode,4,1,7,968,1024,783.2354353740811,20.01824345483371
ep,decode,4,1,8,968,1024,263.6729199439287,20.774233312448914
ep,decode,4,1,9,968,1024,774.1852765902877,20.27616117200573
ep,decode,4,1,10,968,1024,773.8490682095289,20.276478048366652
ep,decode,4,1,11,968,1024,773.7294109538198,20.276531062743473
ep,decode,4,1,12,968,1024,258.70643835514784,20.851722278451057
ep,decode,4,1,13,968,1024,785.3289358317852,20.3431994150796
ep,decode,4,1,14,968,1024,785.1426023989916,20.343350463219984
ep,decode,4,1,15,968,1024,784.9080367013812,20.34334606606648
ep,decode,4,2,0,968,1024,837.357128970325,20.19449247853905
ep,decode,4,2,1,968,1024,837.2478224337101,20.194594080096525
ep,decode,4,2,2,968,1024,272.62407913804054,20.702327272963082
ep,decode,4,2,3,968,1024,836.4372942596674,20.19402972410705
ep,decode,4,2,4,968,1024,264.3393948674202,20.5388852792955
ep,decode,4,2,5,968,1024,783.169218339026,20.03075460560132
ep,decode,4,2,6,968,1024,782.7024525031447,20.031131871357807
ep,decode,4,2,7,968,1024,782.568377442658,20.031189477710257
ep,decode,4,2,8,968,1024,262.61975057423115,21.009196763091655
ep,decode,4,2,9,968,1024,774.0990230813622,20.511730857200753
ep,decode,4,2,10,968,1024,773.7415554001927,20.5121153796261
ep,decode,4,2,11,968,1024,773.5753683373332,20.51218271069775
ep,decode,4,2,12,968,1024,257.5871245935559,20.869447476433578
ep,decode,4,2,13,968,1024,790.152464993298,20.361298518592196
ep,decode,4,2,14,968,1024,789.7791564464569,20.361471601660824
ep,decode,4,2,15,968,1024,789.6641893312335,20.361521961358637
ep,decode,4,3,0,968,1024,860.6806034222245,20.163829013239138
ep,decode,4,3,1,968,1024,291.59220959991217,20.677972560382482
ep,decode,4,3,2,968,1024,859.8176343366504,20.163279359036817
ep,decode,4,3,3,968,1024,859.1002747416496,20.16377944830634
ep,decode,4,3,4,968,1024,258.54319892823696,20.556719099714957
ep,decode,4,3,5,968,1024,784.8208714276552,20.048189987469453
ep,decode,4,3,6,968,1024,784.4220446422696,20.04872479422322
ep,decode,4,3,7,968,1024,784.2259034514427,20.04866069501388
ep,decode,4,3,8,968,1024,263.7222334742546,20.911395454183875
ep,decode,4,3,9,968,1024,775.5384845659137,20.41122967510221
ep,decode,4,3,10,968,1024,775.1184664666653,20.41159543360812
ep,decode,4,3,11,968,1024,774.9974969774485,20.411665957395574
ep,decode,4,3,12,968,1024,259.4592161476612,20.924123754235072
ep,decode,4,3,13,968,1024,784.4973178580403,20.416717710499658
ep,decode,4,3,14,968,1024,784.1240391135216,20.416887375987695
ep,decode,4,3,15,968,1024,784.006156027317,20.416936452954804
ep,intermediate,1,1,0,8136,512,1834.7508646547794,16.339108484583942
ep,intermediate,1,1,1,8136,512,1774.8402869328856,16.336935984222272
ep,intermediate,1,1,2,8136,512,1769.3062694743276,16.330201884115628
ep,intermediate,1,1,3,8136,512,1780.377340503037,16.330209312825637
ep,intermediate,1,1,4,8136,512,1769.4348637014627,16.33203177259043
ep,intermediate,1,1,5,8136,512,1779.6500399708748,16.32729603557204
ep,intermediate,1,1,6,8136,512,1765.4187455773354,16.323381940125252
ep,intermediate,1,1,7,8136,512,1779.4283907860518,16.345230388635525
ep,intermediate,1,1,8,8136,512,1778.8539109751582,16.349732256157292
ep,intermediate,1,1,9,8136,512,1748.014741577208,16.335876150067655
ep,intermediate,1,1,10,8136,512,1768.8280120491982,16.329365618410293
ep,intermediate,1,1,11,8136,512,1754.4133085757494,16.326108070750177
ep,intermediate,1,1,12,8136,512,1761.2759862095118,16.325788772911007
ep,intermediate,1,1,13,8136,512,1763.7831326574087,16.32688886535203
ep,intermediate,1,1,14,8136,512,1766.7421055957675,16.332268033271433
ep,intermediate,1,1,15,8136,512,1774.7170440852642,16.342542608088127
ep,intermediate,1,2,0,8136,512,1819.230922497809,16.339603962774028
ep,intermediate,1,2,1,8136,512,1771.3788710534573,16.34243557707146
ep,intermediate,1,2,2,8136,512,1770.4106755554676,16.344542509407795
ep,intermediate,1,2,3,8136,512,1770.2715499326587,16.336830032154655
ep,intermediate,1,2,4,8136,512,1762.9381800070405,16.315766690397332
ep,intermediate,1,2,5,8136,512,1781.3563086092472,16.323522321967346
ep,intermediate,1,2,6,8136,512,1773.6544571816921,16.327089949013434
ep,intermediate,1,2,7,8136,512,1783.581268042326,16.32660968546298
ep,intermediate,1,2,8,8136,512,1787.7057325094938,16.34284763172298
ep,intermediate,1,2,9,8136,512,1751.9313599914312,16.336932339124132
ep,intermediate,1,2,10,8136,512,1771.7779381200671,16.33110462912083
ep,intermediate,1,2,11,8136,512,1756.3413362950087,16.326285980700163
ep,intermediate,1,2,12,8136,512,1765.7607533037663,16.32683363300247
ep,intermediate,1,2,13,8136,512,1766.3929630070925,16.32327541395468
ep,intermediate,1,2,14,8136,512,1769.0473292022943,16.32854023514545
ep,intermediate,1,2,15,8136,512,1787.6083673909307,16.330899444724015
ep,intermediate,1,3,0,8136,512,1843.545887619257,16.343135576250504
ep,intermediate,1,3,1,8136,512,1777.8491945937276,16.330630186792106
ep,intermediate,1,3,2,8136,512,1768.6489019542933,16.335485014634358
ep,intermediate,1,3,3,8136,512,1772.8901682421565,16.33007590770138
ep,intermediate,1,3,4,8136,512,1759.9412752315402,16.327803240042844
ep,intermediate,1,3,5,8136,512,1782.4298134073615,16.319956594017388
ep,intermediate,1,3,6,8136,512,1766.534180380404,16.32951968577335
ep,intermediate,1,3,7,8136,512,1779.3540004640818,16.34580752978178
ep,intermediate,1,3,8,8136,512,1779.4286515563726,16.35058647943861
ep,intermediate,1,3,9,8136,512,1751.0661790147424,16.338813169667983
ep,intermediate,1,3,10,8136,512,1771.5486316010356,16.332825722351465
ep,intermediate,1,3,11,8136,512,1758.2747545093298,16.338125130055936
ep,intermediate,1,3,12,8136,512,1776.1829840019345,16.3149115084552
ep,intermediate,1,3,13,8136,512,1771.980231627822,16.318494488654654
ep,intermediate,1,3,14,8136,512,1769.9032723903656,16.321073607003967
ep,intermediate,1,3,15,8136,512,1779.057647101581,16.435591190499334
ep,intermediate,16,1,0,8136,512,5339.727426879108,88.04669909711394
ep,intermediate,16,1,1,8136,512,1816.0244701430202,89.40240868901262
ep,intermediate,16,1,2,8136,512,3558.4458615630865,87.80139724044184
ep,intermediate,16,1,3,8136,512,7102.422386407852,88.32913426839092
ep,intermediate,16,1,4,8136,512,8861.182699911296,88.59113425585039
ep,intermediate,16,1,5,8136,512,10657.863126136363,88.7681415136867
ep,intermediate,16,1,6,8136,512,12445.065612904727,88.97473187588608
ep,intermediate,16,1,7,8136,512,16080.350673757493,89.27819346954387
ep,intermediate,16,1,8,8136,512,14256.558627821505,89.1310792186693
ep,intermediate,16,1,9,8136,512,19725.372322835028,89.51778468765217
ep,intermediate,16,1,10,8136,512,21581.387302838266,89.56118498303711
ep,intermediate,16,1,11,8136,512,25296.353210695088,89.67377960229923
ep,intermediate,16,1,12,8136,512,23428.964286111295,89.63165284223753
ep,intermediate,16,1,13,8136,512,17892.956770025194,89.41707562713532
ep,intermediate,16,1,14,8136,512,27175.4604363814,89.69997906594477
ep,intermediate,16,1,15,8136,512,28985.58794055134,125.83058642372926
ep,intermediate,16,1,16,8136,512,4739.461575634778,90.43709017197855
ep,intermediate,16,1,17,8136,512,4830.490950495005,88.52783447485089
ep,intermediate,16,1,18,8136,512,4817.978416569531,88.56957020154205
ep,intermediate,16,1,19,8136,512,4790.447821840644,88.57724428862159
ep,intermediate,16,1,20,8136,512,4795.07882706821,88.57590056511113
ep,intermediate,16,1,21,8136,512,4806.34681135416,88.53931333541637
ep,intermediate,16,1,22,8136,512,4809.2945124953985,88.54184359304767
ep,intermediate,16,1,23,8136,512,4799.418018199503,88.52938459657585
ep,intermediate,16,1,24,8136,512,4767.398298718035,88.5653003390492
ep,intermediate,16,1,25,8136,512,4768.823031336069,88.54509218287912
ep,intermediate,16,1,26,8136,512,4780.062100850046,88.55772940277937
ep,intermediate,16,1,27,8136,512,4789.3318654969335,88.52263196479026
ep,intermediate,16,1,28,8136,512,4802.582360804081,88.50282311818604
ep,intermediate,16,1,29,8136,512,4815.367532894015,88.45992913057776
ep,intermediate,16,1,30,8136,512,4802.066131494939,120.04855143930581
ep,intermediate,16,1,31,8136,512,7107.083807699382,91.62223578563759
ep,intermediate,16,1,32,8136,512,3839.453764259815,89.73518761563791
ep,intermediate,16,1,33,8136,512,5697.286982089281,89.71205351732074
ep,intermediate,16,1,34,8136,512,5660.37168726325,89.71240133805284
ep,intermediate,16,1,35,8136,512,5673.680172301829,89.68558999000814
ep,intermediate,16,1,36,8136,512,5654.27487064153,89.72759179975073
ep,intermediate,16,1,37,8136,512,5659.12570245564,89.73603928917308
ep,intermediate,16,1,38,8136,512,5642.560550943017,89.7350448225634
ep,intermediate,16,1,39,8136,512,5660.122344270349,89.72863002940866
ep,intermediate,16,1,40,8136,512,5646.762630902231,89.75075944572862
ep,intermediate,16,1,41,8136,512,5658.952245488763,89.72083661639644
ep,intermediate,16,1,42,8136,512,5638.777915388346,89.73609232717357
ep,intermediate,16,1,43,8136,512,5648.470491170883,89.73871636406724
ep,intermediate,16,1,44,8136,512,5643.529198132455,89.72539067625591
ep,intermediate,16,1,45,8136,512,5607.954584993422,114.67770743684993
ep,intermediate,16,1,46,8136,512,10005.878266878426,92.07575996233234
ep,intermediate,16,1,47,8136,512,3825.684605166316,90.20872143463554
ep,intermediate,16,1,48,8136,512,4778.797652572393,90.2549584583906
ep,intermediate,16,1,49,8136,512,4779.915411956608,90.27669064102807
ep,intermediate,16,1,50,8136,512,4801.799966022372,88.6202715246149
ep,intermediate,16,1,51,8136,512,4797.550384886563,85.093039359511
ep,intermediate,16,1,52,8136,512,4784.554944373667,81.55446885966508
ep,intermediate,16,1,53,8136,512,4784.343403764069,78.00857064090013
ep,intermediate,16,1,54,8136,512,4779.9740033224225,74.48573603701219
ep,intermediate,16,1,55,8136,512,4771.483287215233,70.94228073021436
ep,intermediate,16,1,56,8136,512,4769.530422985554,67.37413534205662
ep,intermediate,16,1,57,8136,512,4777.396414428949,63.79650885498045
ep,intermediate,16,1,58,8136,512,4769.98692844063,60.24361117660941
ep,intermediate,16,1,59,8136,512,4792.619301006198,56.627499202080436
ep,intermediate,16,1,60,8136,512,4792.9028403013945,61.352180043661896
ep,intermediate,16,1,61,8136,512,12823.695708066225,30.033600137527092
ep,intermediate,16,1,62,8136,512,3837.021179497242,26.409953890947914
ep,intermediate,16,1,63,8136,512,4816.117266193032,22.752048407632078
ep,intermediate,16,2,0,8136,512,5355.716107413173,88.25710718747804
ep,intermediate,16,2,1,8136,512,1837.383346632123,89.61885527629266
ep,intermediate,16,2,2,8136,512,3575.561278499663,88.01541683936597
ep,intermediate,16,2,3,8136,512,7118.269836530089,88.54714651098165
ep,intermediate,16,2,4,8136,512,8874.952509999275,88.80169304732941
ep,intermediate,16,2,5,8136,512,10668.565097264946,88.98138600618464
ep,intermediate,16,2,6,8136,512,16070.573155768216,89.53968294278341
ep,intermediate,16,2,7,8136,512,14259.973705746233,89.36291051128198
ep,intermediate,16,2,8,8136,512,21588.454608805478,89.78483198600622
ep,intermediate,16,2,9,8136,512,12445.813531987369,89.20667694841462
ep,intermediate,16,2,10,8136,512,19722.736642695963,89.75943568692982
ep,intermediate,16,2,11,8136,512,17881.31674937904,89.68775913505696
ep,intermediate,16,2,12,8136,512,23440.46637415886,89.85059208796157
ep,intermediate,16,2,13,8136,512,25309.10108331591,89.8806810626895
ep,intermediate,16,2,14,8136,512,28999.956276267767,125.7484597144849
ep,intermediate,16,2,15,8136,512,27200.282611884177,89.8932198576498
ep,intermediate,16,2,16,8136,512,4730.455852113664,90.1075670670594
ep,intermediate,16,2,17,8136,512,4827.036067843437,88.2013016407708
ep,intermediate,16,2,18,8136,512,4815.930159762502,88.25228086977089
ep,intermediate,16,2,19,8136,512,4784.851375967264,88.26140582984324
ep,intermediate,16,2,20,8136,512,4793.888668529689,88.25997658321769
ep,intermediate,16,2,21,8136,512,4808.285758830607,88.2201248819989
ep,intermediate,16,2,22,8136,512,4809.18596778065,88.22571913257912
ep,intermediate,16,2,23,8136,512,4801.4234919101,88.21009111147804
ep,intermediate,16,2,24,8136,512,4765.512801706791,88.24620878327558
ep,intermediate,16,2,25,8136,512,4765.756734646857,88.23445049130929
ep,intermediate,16,2,26,8136,512,4777.679231949151,88.24421270566386
ep,intermediate,16,2,27,8136,512,4787.604719400406,88.21220063365661
ep,intermediate,16,2,28,8136,512,4803.7974163889885,88.19067465239833
ep,intermediate,16,2,29,8136,512,4815.901695750654,88.15569656038996
ep,intermediate,16,2,30,8136,512,4800.908925943077,119.78169737124921
ep,intermediate,16,2,31,8136,512,7099.147543311119,91.61638211706789
ep,intermediate,16,2,32,8136,512,3841.383093968034,89.72498687775168
ep,intermediate,16,2,33,8136,512,5699.8879155144095,89.70662313577247
ep,intermediate,16,2,34,8136,512,5661.3204358145595,89.70867009348657
ep,intermediate,16,2,35,8136,512,5674.368468113244,89.68270489118571
ep,intermediate,16,2,36,8136,512,5654.221851378679,89.72936233873762
ep,intermediate,16,2,37,8136,512,5657.448561862111,89.74730088913161
ep,intermediate,16,2,38,8136,512,5643.235880881548,89.73861945002047
ep,intermediate,16,2,39,8136,512,5660.605129785836,89.72739567342278
ep,intermediate,16,2,40,8136,512,5647.566114552319,89.75850927247984
ep,intermediate,16,2,41,8136,512,5658.082714304328,89.72754170334444
ep,intermediate,16,2,42,8136,512,5641.860753297806,89.73518767395949
ep,intermediate,16,2,43,8136,512,5651.7031425610185,89.73838459999244
ep,intermediate,16,2,44,8136,512,5647.827149368823,89.71597575044912
ep,intermediate,16,2,45,8136,512,5610.7580326497555,114.72827424122104
ep,intermediate,16,2,46,8136,512,9957.669378258288,92.06975426400945
ep,intermediate,16,2,47,8136,512,3824.250493198633,90.164990162517
ep,intermediate,16,2,48,8136,512,4782.535242848098,90.2088991094767
ep,intermediate,16,2,49,8136,512,4782.606027089059,90.23041857876714
ep,intermediate,16,2,50,8136,512,4804.162417538464,88.56465549567265
ep,intermediate,16,2,51,8136,512,4801.076323725283,85.0382743607441
ep,intermediate,16,2,52,8136,512,4782.620775513351,81.51071372673411
ep,intermediate,16,2,53,8136,512,4782.114745117724,77.95997236995665
ep,intermediate,16,2,54,8136,512,4778.514656238258,74.43781672391873
ep,intermediate,16,2,55,8136,512,4772.181472741067,70.89345611872447
ep,intermediate,16,2,56,8136,512,4768.663359805942,67.3183198387638
ep,intermediate,16,2,57,8136,512,4774.80214368552,63.748168861110734
ep,intermediate,16,2,58,8136,512,4767.961887642741,60.19161671305297
ep,intermediate,16,2,59,8136,512,4787.345366552472,56.576687060733946
ep,intermediate,16,2,60,8136,512,4791.081263683736,61.29250788620132
ep,intermediate,16,2,61,8136,512,12760.163450613618,30.160799644406293
ep,intermediate,16,2,62,8136,512,3835.611755028367,26.527024377246775
ep,intermediate,16,2,63,8136,512,4815.676288679242,22.87158284722709
ep,intermediate,16,3,0,8136,512,5349.958313629031,88.1066942521883
ep,intermediate,16,3,1,8136,512,3567.9380567744374,87.87447831423957
ep,intermediate,16,3,2,8136,512,1825.6496479734778,89.48437693490557
ep,intermediate,16,3,3,8136,512,7107.155774720013,88.40659480549235
ep,intermediate,16,3,4,8136,512,8865.594227798283,88.66692646616184
ep,intermediate,16,3,5,8136,512,10660.438621416688,88.8462069748724
ep,intermediate,16,3,6,8136,512,12448.282254859805,89.0560748671599
ep,intermediate,16,3,7,8136,512,16087.028450332582,89.36506487545785
ep,intermediate,16,3,8,8136,512,14260.805594734848,89.21808377272812
ep,intermediate,16,3,9,8136,512,25333.262997679412,89.71923843769761
ep,intermediate,16,3,10,8136,512,17913.00417855382,89.48798675578517
ep,intermediate,16,3,11,8136,512,27204.227806068957,89.79312513286062
ep,intermediate,16,3,12,8136,512,19746.181225404143,89.57676069333479
ep,intermediate,16,3,13,8136,512,28994.505245238543,125.71428733861434
ep,intermediate,16,3,14,8136,512,23468.20159535855,89.67061926393885
ep,intermediate,16,3,15,8136,512,21606.324496679008,89.61083866298607
ep,intermediate,16,3,16,8136,512,4730.742855928838,90.16530449755504
ep,intermediate,16,3,17,8136,512,4827.644250355661,88.25455924383057
ep,intermediate,16,3,18,8136,512,4820.680673234165,88.30666118857329
ep,intermediate,16,3,19,8136,512,4791.414005681872,88.31086226806424
ep,intermediate,16,3,20,8136,512,4799.862490966916,88.30776700381838
ep,intermediate,16,3,21,8136,512,4812.372611835599,88.26734137460735
ep,intermediate,16,3,22,8136,512,4814.807070419192,88.26499398972715
ep,intermediate,16,3,23,8136,512,4801.726466976106,88.25087179511844
ep,intermediate,16,3,24,8136,512,4772.002002224326,88.27590860732614
ep,intermediate,16,3,25,8136,512,4770.892807282507,88.26098271960906
ep,intermediate,16,3,26,8136,512,4784.332902170718,88.26044908453166
ep,intermediate,16,3,27,8136,512,4799.616444855928,88.2200679838395
ep,intermediate,16,3,28,8136,512,4841.700634919107,88.14262736537685
ep,intermediate,16,3,29,8136,512,4858.581217005849,88.0919899007783
ep,intermediate,16,3,30,8136,512,4834.571411833167,119.5309960562189
ep,intermediate,16,3,31,8136,512,7074.4112599641085,91.36299623828928
ep,intermediate,16,3,32,8136,512,3843.8589507713914,89.47484772251427
ep,intermediate,16,3,33,8136,512,5704.933367669582,89.44909846858502
ep,intermediate,16,3,34,8136,512,5662.597117945552,89.44963067113886
ep,intermediate,16,3,35,8136,512,5673.23746252805,89.4233226254874
ep,intermediate,16,3,36,8136,512,5651.883234269917,89.46581520577583
ep,intermediate,16,3,37,8136,512,5656.072241254151,89.48749859148451
ep,intermediate,16,3,38,8136,512,5640.725017525256,89.48360001868815
ep,intermediate,16,3,39,8136,512,5656.178802251816,89.47708264882667
ep,intermediate,16,3,40,8136,512,5646.608859300613,89.49654106480851
ep,intermediate,16,3,41,8136,512,5658.742425963283,89.46688635796016
ep,intermediate,16,3,42,8136,512,5646.770325489342,89.46587861590307
ep,intermediate,16,3,43,8136,512,5650.929605588317,89.47786597312663
ep,intermediate,16,3,44,8136,512,5646.952121518552,89.46159565475006
ep,intermediate,16,3,45,8136,512,5604.56923302263,114.31315149783855
ep,intermediate,16,3,46,8136,512,9915.481278672814,91.95735477049581
ep,intermediate,16,3,47,8136,512,3821.0210176184773,90.06491868980885
ep,intermediate,16,3,48,8136,512,4774.203838780522,90.11119516263852
ep,intermediate,16,3,49,8136,512,4776.206928305328,90.1362102865123
ep,intermediate,16,3,50,8136,512,4801.21801327914,88.47118164695172
ep,intermediate,16,3,51,8136,512,4800.44337362051,84.94163334821651
ep,intermediate,16,3,52,8136,512,4783.99979043752,81.41191465025604
ep,intermediate,16,3,53,8136,512,4781.209628097713,77.86106200316472
ep,intermediate,16,3,54,8136,512,4775.830233469605,74.33988588612432
ep,intermediate,16,3,55,8136,512,4769.856751896441,70.79207078497237
ep,intermediate,16,3,56,8136,512,4769.465539604425,67.22205801850545
ep,intermediate,16,3,57,8136,512,4775.384528562427,63.64947571847478
ep,intermediate,16,3,58,8136,512,4771.997823379934,60.094266431861776
ep,intermediate,16,3,59,8136,512,4791.31986759603,56.47906030613907
ep,intermediate,16,3,60,8136,512,4793.638575822115,61.23315237841611
ep,intermediate,16,3,61,8136,512,12791.087963618338,30.179888323503466
ep,intermediate,16,3,62,8136,512,3838.0470043048263,26.542283149906336
ep,intermediate,16,3,63,8136,512,4819.302125833929,22.87685800044854
ep,intermediate,4,1,0,8136,512,5332.349071279168,26.982627998592804
ep,intermediate,4,1,1,8136,512,1814.2621172592044,32.1714543826776
ep,intermediate,4,1,2,8136,512,3552.9038179665804,28.85760128709493
ep,intermediate,4,1,3,8136,512,7068.63943208009,26.98177001539275
ep,intermediate,4,1,4,8136,512,1799.621886573732,32.03847551619936
ep,intermediate,4,1,5,8136,512,3510.336891748011,28.69294154404894
ep,intermediate,4,1,6,8136,512,4437.112239189446,26.905069036551417
ep,intermediate,4,1,7,8136,512,4444.971236400306,26.891598142610604
ep,intermediate,4,1,8,8136,512,1823.660435155034,32.1227654289826
ep,intermediate,4,1,9,8136,512,3510.4610584676266,28.820689585344198
ep,intermediate,4,1,10,8136,512,4429.9302361905575,25.463306131807325
ep,intermediate,4,1,11,8136,512,4418.270327150822,25.47811559508983
ep,intermediate,4,1,12,8136,512,1806.871929205954,32.024558274523734
ep,intermediate,4,1,13,8136,512,3511.485520750284,28.71049742839516
ep,intermediate,4,1,14,8136,512,5222.85292390734,25.358883372404105
ep,intermediate,4,1,15,8136,512,5238.719772547483,21.996515569752795
ep,intermediate,4,2,0,8136,512,1828.1875429674983,32.140089935256775
ep,intermediate,4,2,1,8136,512,3570.86743414402,28.817720725811625
ep,intermediate,4,2,2,8136,512,5322.384839877486,26.996259572104698
ep,intermediate,4,2,3,8136,512,7061.843561008573,26.990632360724554
ep,intermediate,4,2,4,8136,512,1798.8725444301963,32.1349588326687
ep,intermediate,4,2,5,8136,512,3510.7929268851876,28.787077196788065
ep,intermediate,4,2,6,8136,512,4436.709275469184,26.99654422328605
ep,intermediate,4,2,7,8136,512,4449.913903139532,26.97232448351943
ep,intermediate,4,2,8,8136,512,1820.7287639379501,32.16128497623242
ep,intermediate,4,2,9,8136,512,3510.161899961531,28.85496354645479
ep,intermediate,4,2,10,8136,512,4428.754725493491,25.50167892193841
ep,intermediate,4,2,11,8136,512,4416.308104991913,25.53710487075223
ep,intermediate,4,2,12,8136,512,1820.5913538113236,31.915881359355556
ep,intermediate,4,2,13,8136,512,3520.7485519349575,28.603196862188337
ep,intermediate,4,2,14,8136,512,5231.274530291557,25.25378318244697
ep,intermediate,4,2,15,8136,512,5228.500938042998,21.90916442882758
ep,intermediate,4,3,0,8136,512,1848.808298818767,32.08182784938299
ep,intermediate,4,3,1,8136,512,5347.077440470457,26.934275695226663
ep,intermediate,4,3,2,8136,512,3593.2653918862343,28.756331142089138
ep,intermediate,4,3,3,8136,512,7087.355375289917,26.921385095441995
ep,intermediate,4,3,4,8136,512,1799.7956164181232,32.10442199931278
ep,intermediate,4,3,5,8136,512,3511.503666639328,28.753801979809825
ep,intermediate,4,3,6,8136,512,4437.289206311107,26.963712295805287
ep,intermediate,4,3,7,8136,512,4450.834059156477,26.946648222680427
ep,intermediate,4,3,8,8136,512,1823.6914640292525,32.194500152976666
ep,intermediate,4,3,9,8136,512,3512.167734093964,28.89172921463876
ep,intermediate,4,3,10,8136,512,4432.00268689543,25.53271340596291
ep,intermediate,4,3,11,8136,512,4417.801157571375,25.571878033520658
ep,intermediate,4,3,12,8136,512,1827.4613050743937,31.923846310686226
ep,intermediate,4,3,13,8136,512,3517.9683892056346,28.614740168088918
ep,intermediate,4,3,14,8136,512,5231.72508366406,25.260752076082618
ep,intermediate,4,3,15,8136,512,5225.075980648398,21.920414574065205
ep,prefill,1,1,0,32712,128,10410.870257765055,17.736766348028276
ep,prefill,1,1,1,32712,128,10337.886993773282,17.75716203374891
ep,prefill,1,1,2,32712,128,10366.835958324373,17.704829698296514
ep,prefill,1,1,3,32712,128,10395.16853261739,17.74834925822151
ep,prefill,1,1,4,32712,128,10371.695625595748,17.75071595421457
ep,prefill,1,1,5,32712,128,10392.106925137341,17.759275190004214
ep,prefill,1,1,6,32712,128,10415.932921692729,17.736305783348758
ep,prefill,1,1,7,32712,128,10431.816590949893,17.72908382411078
ep,prefill,1,1,8,32712,128,10376.41026917845,17.75768523170488
ep,prefill,1,1,9,32712,128,10386.845875531435,17.713437443525773
ep,prefill,1,1,10,32712,128,10381.817227229476,17.743098828208257
ep,prefill,1,1,11,32712,128,10398.117257282138,17.708732057216128
ep,prefill,1,1,12,32712,128,10413.74602355063,17.737311391731886
ep,prefill,1,1,13,32712,128,10388.558222912252,17.76558502511246
ep,prefill,1,1,14,32712,128,10405.385933816433,17.766434046637823
ep,prefill,1,1,15,32712,128,10399.605278857052,17.750518807158695
ep,prefill,1,2,0,32712,128,10370.893945917487,17.745660940610517
ep,prefill,1,2,1,32712,128,10399.188538081944,17.738537650232708
ep,prefill,1,2,2,32712,128,10432.719103991985,17.72275725452919
ep,prefill,1,2,3,32712,128,10422.866023145616,17.757898629239694
ep,prefill,1,2,4,32712,128,10439.878874458373,17.74398254333284
ep,prefill,1,2,5,32712,128,10394.452544860542,17.747719713494064
ep,prefill,1,2,6,32712,128,10381.357033737004,17.769663946659076
ep,prefill,1,2,7,32712,128,10408.483209088445,17.73651208229891
ep,prefill,1,2,8,32712,128,10372.282939963043,17.71056704135157
ep,prefill,1,2,9,32712,128,10366.834674961865,17.759688799892825
ep,prefill,1,2,10,32712,128,10371.587051078677,17.713672767473955
ep,prefill,1,2,11,32712,128,10378.249689936638,17.7249141829455
ep,prefill,1,2,12,32712,128,10367.53076594323,17.76440238477442
ep,prefill,1,2,13,32712,128,10391.323149204254,17.763274113141645
ep,prefill,1,2,14,32712,128,10384.224763140082,17.730248549322443
ep,prefill,1,2,15,32712,128,10374.755911529064,17.72010008122508
ep,prefill,1,3,0,32712,128,10408.354360610247,17.687351640871192
ep,prefill,1,3,1,32712,128,10353.502308949828,17.720203487363857
ep,prefill,1,3,2,32712,128,10359.673564322293,17.73029964739882
ep,prefill,1,3,3,32712,128,10387.208212167025,17.74162805719873
ep,prefill,1,3,4,32712,128,10384.482602588832,17.739206926501172
ep,prefill,1,3,5,32712,128,10392.090793699026,17.73760349702413
ep,prefill,1,3,6,32712,128,10387.921664863825,17.73658668343711
ep,prefill,1,3,7,32712,128,10407.777918502688,17.744116954446778
ep,prefill,1,3,8,32712,128,10389.735015109181,17.754536635411068
ep,prefill,1,3,9,32712,128,10389.847088605165,17.73823879101849
ep,prefill,1,3,10,32712,128,10397.90965989232,17.739219554355294
ep,prefill,1,3,11,32712,128,10396.77072968334,17.73780190539876
ep,prefill,1,3,12,32712,128,10364.687104709446,17.749626064805064
ep,prefill,1,3,13,32712,128,10388.706644997,17.752010111264358
ep,prefill,1,3,14,32712,128,10371.564167551696,17.742123014814272
ep,prefill,1,3,15,32712,128,10395.735697820783,17.731021481060136
ep,prefill,16,1,0,32712,128,10447.924911044538,276.6196245151594
ep,prefill,16,1,1,32712,128,31815.18264953047,266.90611738975593
ep,prefill,16,1,2,32712,128,56586.33052930236,281.2623388654604
ep,prefill,16,1,3,32712,128,42792.907304130495,266.76715548905565
ep,prefill,16,1,4,32712,128,21021.01766783744,265.5661453338941
ep,prefill,16,1,5,32712,128,67547.77199123055,267.07883357385714
ep,prefill,16,1,6,32712,128,78532.88091160357,266.8275114544851
ep,prefill,16,1,7,32712,128,114269.58716381341,266.7800418181917
ep,prefill,16,1,8,32712,128,89505.23754768074,266.7777775310156
ep,prefill,16,1,9,32712,128,103302.65571922064,280.9339228093507
ep,prefill,16,1,10,32712,128,125223.85350614786,266.780500960221
ep,prefill,16,1,11,32712,128,136210.582671687,266.5305187060373
ep,prefill,16,1,12,32712,128,149983.17289259285,280.8752048276658
ep,prefill,16,1,13,32712,128,171893.16641911864,266.79353544297885
ep,prefill,16,1,14,32712,128,160941.7222077027,266.7696713653254
ep,prefill,16,1,15,32712,128,182865.67095387727,266.75827359766004
ep,prefill,16,1,16,32712,128,151087.17449754477,280.9823348707571
ep,prefill,16,1,17,32712,128,152881.36289082468,266.8481492694086
ep,prefill,16,1,18,32712,128,152893.1330749765,266.8129002866078
ep,prefill,16,1,19,32712,128,152914.7091684863,266.6536053921294
ep,prefill,16,1,20,32712,128,151062.08758521825,280.8730161022835
ep,prefill,16,1,21,32712,128,152871.2998740375,266.6566574095389
ep,prefill,16,1,22,32712,128,152853.9710668847,266.657243790765
ep,prefill,16,1,23,32712,128,152878.36421374232,266.493072879948
ep,prefill,16,1,24,32712,128,151058.47610440105,280.8894097262363
ep,prefill,16,1,25,32712,128,152839.79846630245,266.86922017132906
ep,prefill,16,1,26,32712,128,152843.20453647524,266.90029793631606
ep,prefill,16,1,27,32712,128,152860.13353429735,266.7629949924514
ep,prefill,16,1,28,32712,128,151067.9473495111,280.959332823812
ep,prefill,16,1,29,32712,128,152857.9727159813,266.9033626402457
ep,prefill,16,1,30,32712,128,152865.96022732556,266.8924432057213
ep,prefill,16,1,31,32712,128,152865.93189276755,266.80741688661925
ep,prefill,16,1,32,32712,128,151071.5334014967,280.9594269240583
ep,prefill,16,1,33,32712,128,152862.99632582814,266.83823676325204
ep,prefill,16,1,34,32712,128,152850.67710001022,266.8562786228309
ep,prefill,16,1,35,32712,128,152856.84812348336,266.8588494031331
ep,prefill,16,1,36,32712,128,151077.6229314506,280.885163247292
ep,prefill,16,1,37,32712,128,152875.5716579035,266.69844453347713
ep,prefill,16,1,38,32712,128,152882.13314302266,266.81772099558526
ep,prefill,16,1,39,32712,128,152902.0322849974,266.7576281251166
ep,prefill,16,1,40,32712,128,151085.0413609296,280.88745388283036
ep,prefill,16,1,41,32712,128,152884.56895202398,266.6848340020405
ep,prefill,16,1,42,32712,128,152894.70834378153,266.5623269139195
ep,prefill,16,1,43,32712,128,152921.24749999493,266.3121203063276
ep,prefill,16,1,44,32712,128,151068.55331920087,280.90697768195645
ep,prefill,16,1,45,32712,128,152853.7375247106,266.7571126637379
ep,prefill,16,1,46,32712,128,152834.08258482814,266.9146319733947
ep,prefill,16,1,47,32712,128,152855.72225879878,266.76854008706067
ep,prefill,16,1,48,32712,128,151063.72892763466,280.83937522023916
ep,prefill,16,1,49,32712,128,152844.03326828033,266.7904548039
ep,prefill,16,1,50,32712,128,152843.50875485688,266.8070989682918
ep,prefill,16,1,51,32712,128,152887.24886532873,266.4696907433938
ep,prefill,16,1,52,32712,128,151053.43604646623,281.15377223163136
ep,prefill,16,1,53,32712,128,152854.61495816708,267.13087937728625
ep,prefill,16,1,54,32712,128,152844.47082784027,267.3885760990184
ep,prefill,16,1,55,32712,128,152865.33519160002,267.56906219736095
ep,prefill,16,1,56,32712,128,151087.99482416362,282.1794926724213
ep,prefill,16,1,57,32712,128,152943.1140339002,267.7117268899529
ep,prefill,16,1,58,32712,128,152988.35744708776,267.55198358932114
ep,prefill,16,1,59,32712,128,153049.7988825664,267.2416283272383
ep,prefill,16,1,60,32712,128,151283.7339201942,280.9876711291122
ep,prefill,16,1,61,32712,128,153100.1737974584,196.25820168917338
ep,prefill,16,1,62,32712,128,153092.63153281063,111.31697217017178
ep,prefill,16,1,63,32712,128,153130.95834665,25.85523140682714
ep,prefill,16,2,0,32712,128,31763.75328283757,266.5249315845802
ep,prefill,16,2,1,32712,128,10418.24329458177,276.26134015209095
ep,prefill,16,2,2,32712,128,20976.8740311265,265.22807830460664
ep,prefill,16,2,3,32712,128,42721.21006716043,266.48186753672644
ep,prefill,16,2,4,32712,128,103172.50465229154,280.9678404481979
ep,prefill,16,2,5,32712,128,56494.44981943816,280.9145238074496
ep,prefill,16,2,6,32712,128,67443.14239080995,266.8471624414752
ep,prefill,16,2,7,32712,128,78410.77820211649,266.7612676310727
ep,prefill,16,2,8,32712,128,89386.92263141274,266.6066038004291
ep,prefill,16,2,9,32712,128,125086.0509686172,266.95181250454874
ep,prefill,16,2,10,32712,128,114125.46308618039,266.94684994121
ep,prefill,16,2,11,32712,128,136060.9591221437,266.83320840600675
ep,prefill,16,2,12,32712,128,182768.87755654752,267.15969362508827
ep,prefill,16,2,13,32712,128,171791.62832256407,266.9530295304895
ep,prefill,16,2,14,32712,128,160822.74488545954,267.0061378996438
ep,prefill,16,2,15,32712,128,149862.0188422501,281.099331821865
ep,prefill,16,2,16,32712,128,151075.4031613469,281.3632366885468
ep,prefill,16,2,17,32712,128,152889.01891279966,267.1199603167575
ep,prefill,16,2,18,32712,128,152944.84307430685,266.77746465796326
ep,prefill,16,2,19,32712,128,152980.96146900207,266.6026145131804
ep,prefill,16,2,20,32712,128,151147.75625336915,280.9626696132651
ep,prefill,16,2,21,32712,128,152948.73465411365,266.81314389712696
ep,prefill,16,2,22,32712,128,152943.41307133436,266.7869900272587
ep,prefill,16,2,23,32712,128,152963.7287929654,266.6495489616563
ep,prefill,16,2,24,32712,128,151153.11112813652,280.7897279831016
ep,prefill,16,2,25,32712,128,152917.6416406408,266.8001049924202
ep,prefill,16,2,26,32712,128,152920.34875508398,266.7816865118587
ep,prefill,16,2,27,32712,128,152926.73181090504,266.6791274219634
ep,prefill,16,2,28,32712,128,151099.47585966438,280.91525353901966
ep,prefill,16,2,29,32712,128,152889.20069672167,266.8097920305147
ep,prefill,16,2,30,32712,128,152886.2943938002,266.73553654498704
ep,prefill,16,2,31,32712,128,152857.74546582252,266.5730683924997
ep,prefill,16,2,32,32712,128,151037.32043970376,281.1142778845401
ep,prefill,16,2,33,32712,128,152829.0478764102,267.12051886830506
ep,prefill,16,2,34,32712,128,152824.06989391893,267.2381305949777
ep,prefill,16,2,35,32712,128,152841.02456178516,267.0813229330999
ep,prefill,16,2,36,32712,128,151074.7312568128,281.0251131785784
ep,prefill,16,2,37,32712,128,152875.66217780113,266.86739095112705
ep,prefill,16,2,38,32712,128,152878.3174753189,266.9914636071625
ep,prefill,16,2,39,32712,128,152900.68886615336,266.9469788450542
ep,prefill,16,2,40,32712,128,151116.90740194172,280.93071672772095
ep,prefill,16,2,41,32712,128,152920.0607696548,266.6867487352547
ep,prefill,16,2,42,32712,128,152935.65202038735,266.58114709517383
ep,prefill,16,2,43,32712,128,152962.13591191918,266.3223102586124
ep,prefill,16,2,44,32712,128,151114.593452774,280.9051939132293
ep,prefill,16,2,45,32712,128,152908.2679208368,266.82432596461746
ep,prefill,16,2,46,32712,128,152912.49357536435,266.9100685221121
ep,prefill,16,2,47,32712,128,152942.69681163132,266.72106404884124
ep,prefill,16,2,48,32712,128,151115.20406138152,280.83526735436027
ep,prefill,16,2,49,32712,128,152891.02234132588,266.7033264677473
ep,prefill,16,2,50,32712,128,152874.3638554588,266.71889923718265
ep,prefill,16,2,51,32712,128,152901.8341479823,266.468299750796
ep,prefill,16,2,52,32712,128,151064.10254724324,280.90490691187813
ep,prefill,16,2,53,32712,128,152853.0775019899,266.76137839245985
ep,prefill,16,2,54,32712,128,152831.41414262354,266.7975304281618
ep,prefill,16,2,55,32712,128,152830.6355662644,266.78265993461366
ep,prefill,16,2,56,32712,128,151028.37694715708,280.9730276876078
ep,prefill,16,2,57,32712,128,152833.41566938907,266.8420874521019
ep,prefill,16,2,58,32712,128,152843.90898328274,266.8904065865818
ep,prefill,16,2,59,32712,128,152869.01947949082,266.7456177085286
ep,prefill,16,2,60,32712,128,151063.22008464485,280.80674490385405
ep,prefill,16,2,61,32712,128,152866.24239198864,196.11722082779633
ep,prefill,16,2,62,32712,128,152845.06259020418,111.22508481966229
ep,prefill,16,2,63,32712,128,152873.99475649,25.84090004638424
ep,prefill,16,3,0,32712,128,10485.176776535809,276.2304192159589
ep,prefill,16,3,1,32712,128,31814.463924616575,266.67685295623824
ep,prefill,16,3,2,32712,128,21030.431432649493,265.3217573290852
ep,prefill,16,3,3,32712,128,56563.22567537427,280.8776308423069
ep,prefill,16,3,4,32712,128,42777.62794494629,266.5528997514896
ep,prefill,16,3,5,32712,128,67513.44752777368,266.80696083922084
ep,prefill,16,3,6,32712,128,136106.88002035022,266.81665677987917
ep,prefill,16,3,7,32712,128,78478.85052394122,266.6506326691372
ep,prefill,16,3,8,32712,128,89452.23130099475,266.5034187297652
ep,prefill,16,3,9,32712,128,103250.72930101305,280.7379792715738
ep,prefill,16,3,10,32712,128,114183.44421777874,266.8249451767976
ep,prefill,16,3,11,32712,128,125132.9541997984,266.8892661564228
ep,prefill,16,3,12,32712,128,149912.1075142175,281.1455318014922
ep,prefill,16,3,13,32712,128,160864.45781309158,267.1534644190486
ep,prefill,16,3,14,32712,128,171823.93597159535,267.1188714833358
ep,prefill,16,3,15,32712,128,182807.0255536586,266.97747597074886
ep,prefill,16,3,16,32712,128,151071.37865852565,280.9738722065185
ep,prefill,16,3,17,32712,128,152876.05137657374,266.81078754101446
ep,prefill,16,3,18,32712,128,152896.19721844792,266.79968948322016
ep,prefill,16,3,19,32712,128,152922.1659116447,266.7887217445871
ep,prefill,16,3,20,32712,128,151104.2893892154,280.96606014076417
ep,prefill,16,3,21,32712,128,152917.15454682708,266.7216975315232
ep,prefill,16,3,22,32712,128,152932.17631895095,266.642073624012
ep,prefill,16,3,23,32712,128,152954.4452149421,266.46107698490067
ep,prefill,16,3,24,32712,128,151118.8426623121,280.93159998818413
ep,prefill,16,3,25,32712,128,152896.70563861728,266.91940786888983
ep,prefill,16,3,26,32712,128,152899.72849469632,266.9292395846464
ep,prefill,16,3,27,32712,128,152911.96030378342,267.04759156610083
ep,prefill,16,3,28,32712,128,151092.0771630481,281.181936878271
ep,prefill,16,3,29,32712,128,152873.19266609848,267.1492644329005
ep,prefill,16,3,30,32712,128,152904.28735408932,266.8759351684235
ep,prefill,16,3,31,32712,128,152922.52345196903,266.6640581387117
ep,prefill,16,3,32,32712,128,151118.2234659791,281.07981979260296
ep,prefill,16,3,33,32712,128,152906.67265746742,266.9938572821772
ep,prefill,16,3,34,32712,128,152873.98445047438,267.2411147285047
ep,prefill,16,3,35,32712,128,152872.36420530826,267.15884931884176
ep,prefill,16,3,36,32712,128,151120.18032558262,281.07638627760053
ep,prefill,16,3,37,32712,128,152926.1552626267,266.85556558906796
ep,prefill,16,3,38,32712,128,152931.3789308071,266.8800921084022
ep,prefill,16,3,39,32712,128,152957.4550949037,266.74601731191234
ep,prefill,16,3,40,32712,128,151128.09658423066,280.927047023447
ep,prefill,16,3,41,32712,128,152938.65300901234,266.64032460755016
ep,prefill,16,3,42,32712,128,152949.66259412467,266.56187658645507
ep,prefill,16,3,43,32712,128,152939.87739272416,266.41580187458925
ep,prefill,16,3,44,32712,128,151091.1496374756,280.9747940692024
ep,prefill,16,3,45,32712,128,152874.5196443051,266.90471668793697
ep,prefill,16,3,46,32712,128,152887.18734309077,266.9221219775362
ep,prefill,16,3,47,32712,128,152921.21449578553,266.6317905908025
ep,prefill,16,3,48,32712,128,151087.22362667322,281.00553489341513
ep,prefill,16,3,49,32712,128,152869.53989509493,266.89399044051413
ep,prefill,16,3,50,32712,128,152859.84391532838,266.9336286952763
ep,prefill,16,3,51,32712,128,152882.4360659346,266.7398553150963
ep,prefill,16,3,52,32712,128,151077.22134143114,280.8905107401839
ep,prefill,16,3,53,32712,128,152871.91169150174,266.74489769351294
ep,prefill,16,3,54,32712,128,152868.58043447137,266.7415384569858
ep,prefill,16,3,55,32712,128,152882.71906226873,266.61255033173427
ep,prefill,16,3,56,32712,128,151087.9677273333,280.85589506406717
ep,prefill,16,3,57,32712,128,152883.52399412543,266.7165312872041
ep,prefill,16,3,58,32712,128,152872.72603809834,266.89410347520834
ep,prefill,16,3,59,32712,128,152883.42842832208,266.9088254044727
ep,prefill,16,3,60,32712,128,151088.4743053466,280.9569776263528
ep,prefill,16,3,61,32712,128,152874.6126079932,196.34078964444362
ep,prefill,16,3,62,32712,128,152872.96120729297,111.36489871185361
ep,prefill,16,3,63,32712,128,152914.5176988095,25.907052372853588
ep,prefill,4,1,0,32712,128,21009.84250102192,218.49028985419378
ep,prefill,4,1,1,32712,128,10416.926953010261,276.25006226104074
ep,prefill,4,1,2,32712,128,31768.06707587093,219.43088104640404
ep,prefill,4,1,3,32712,128,42715.91310668737,218.59202099832024
ep,prefill,4,1,4,32712,128,11032.489611767232,279.4812825017088
ep,prefill,4,1,5,32712,128,18617.249570786953,229.7839800585208
ep,prefill,4,1,6,32712,128,18632.37097300589,229.71345732120548
ep,prefill,4,1,7,32712,128,18755.778352729976,229.23026274977707
ep,prefill,4,1,8,32712,128,10997.467641718686,280.1749289079797
ep,prefill,4,1,9,32712,128,17380.00729959458,220.00865507724248
ep,prefill,4,1,10,32712,128,17404.773646965623,219.8355939077932
ep,prefill,4,1,11,32712,128,17459.820399992168,219.3050492173574
ep,prefill,4,1,12,32712,128,11050.627094693482,279.45775826146286
ep,prefill,4,1,13,32712,128,18674.00474473834,195.42028548151958
ep,prefill,4,1,14,32712,128,18646.96051646024,111.23160476700997
ep,prefill,4,1,15,32712,128,18710.80399584025,26.091799337974216
ep,prefill,4,2,0,32712,128,10439.430276863277,276.4658532215385
ep,prefill,4,2,1,32712,128,42771.31318952888,218.83809823161505
ep,prefill,4,2,2,32712,128,31799.92692731321,219.75849237381004
ep,prefill,4,2,3,32712,128,21011.35964691639,218.90389887748037
ep,prefill,4,2,4,32712,128,11052.454020828009,279.71451670870067
ep,prefill,4,2,5,32712,128,18643.973941914737,219.9208836298524
ep,prefill,4,2,6,32712,128,18665.616133250296,219.56081308541806
ep,prefill,4,2,7,32712,128,18795.875318348408,219.02257271521674
ep,prefill,4,2,8,32712,128,11017.791802994907,280.1955406898706
ep,prefill,4,2,9,32712,128,18677.212287671864,210.94246748394855
ep,prefill,4,2,10,32712,128,18716.842468827963,210.77125720445096
ep,prefill,4,2,11,32712,128,18770.050212740898,210.1340580980961
ep,prefill,4,2,12,32712,128,11078.69429141283,279.6052197859747
ep,prefill,4,2,13,32712,128,19842.019913718104,195.64303492496566
ep,prefill,4,2,14,32712,128,19803.6250770092,111.5215540254914
ep,prefill,4,2,15,32712,128,19883.520402945578,26.291678314955217
ep,prefill,4,3,0,32712,128,21015.25580789894,218.5884083980533
ep,prefill,4,3,1,32712,128,10424.135875888169,276.3322041347975
ep,prefill,4,3,2,32712,128,31785.87671648711,219.43278142111743
ep,prefill,4,3,3,32712,128,42740.83374533802,218.5531032499014
ep,prefill,4,3,4,32712,128,11029.455937445164,279.38717660149484
ep,prefill,4,3,5,32712,128,18619.87665388733,219.6687208415251
ep,prefill,4,3,6,32712,128,18641.77001081407,219.2421685244272
ep,prefill,4,3,7,32712,128,18766.90833363682,218.61470749557722
ep,prefill,4,3,8,32712,128,10998.288207687438,279.6900456433925
ep,prefill,4,3,9,32712,128,18635.400109924376,229.64892712399717
ep,prefill,4,3,10,32712,128,18680.62020186335,229.7270746505636
ep,prefill,4,3,11,32712,128,18745.407671667635,229.3719104161178
ep,prefill,4,3,12,32712,128,11029.99281603843,279.8439262610838
ep,prefill,4,3,13,32712,128,17403.08371093124,195.6707356482979
ep,prefill,4,3,14,32712,128,17385.50947699696,111.30187798320777
ep,prefill,4,3,15,32712,128,17432.877996005118,26.154635855414735
